May 06, 2026 11:48:46 AM com.google.cloud.datastore.emulator.firestore.websocket.WebSocketServer start
INFO: Started WebSocket server on ws://127.0.0.1:9150

API endpoint: http://127.0.0.1:8085
Database Edition: STANDARD
Database Mode: CLOUD_FIRESTORE

If you are using a library that supports the FIRESTORE_EMULATOR_HOST environment variable, run:

   export FIRESTORE_EMULATOR_HOST=127.0.0.1:8085

If you are running a Firestore in Datastore Mode project, run:

   export DATASTORE_EMULATOR_HOST=127.0.0.1:8085

Note: Support for Datastore Mode is in preview. If you encounter any bugs please file at https://github.com/firebase/firebase-tools/issues.
Dev App Server is now running.

May 06, 2026 12:13:01 PM io.gapi.emulators.netty.HttpVersionRoutingHandler channelRead
INFO: Detected HTTP/2 connection.
May 06, 2026 12:13:01 PM io.grpc.netty.TcpMetrics loadEpollInfo
INFO: Epoll available during static init of TcpMetrics:false
Multiple projectIds are not recommended in single project mode. Requested project ID test-project, but the emulator is configured for demo-no-project. To opt-out of single project mode add/set the '"singleProjectMode": false' property in the firebase.json emulators config.
Multiple projectIds are not recommended in single project mode. Requested project ID test-project, but the emulator is configured for demo-no-project. To opt-out of single project mode add/set the '"singleProjectMode": false' property in the firebase.json emulators config.
Multiple projectIds are not recommended in single project mode. Requested project ID test-project, but the emulator is configured for demo-no-project. To opt-out of single project mode add/set the '"singleProjectMode": false' property in the firebase.json emulators config.
Multiple projectIds are not recommended in single project mode. Requested project ID test-project, but the emulator is configured for demo-no-project. To opt-out of single project mode add/set the '"singleProjectMode": false' property in the firebase.json emulators config.
Multiple projectIds are not recommended in single project mode. Requested project ID test-project, but the emulator is configured for demo-no-project. To opt-out of single project mode add/set the '"singleProjectMode": false' property in the firebase.json emulators config.
Multiple projectIds are not recommended in single project mode. Requested project ID test-project, but the emulator is configured for demo-no-project. To opt-out of single project mode add/set the '"singleProjectMode": false' property in the firebase.json emulators config.
Multiple projectIds are not recommended in single project mode. Requested project ID test-project, but the emulator is configured for demo-no-project. To opt-out of single project mode add/set the '"singleProjectMode": false' property in the firebase.json emulators config.
Multiple projectIds are not recommended in single project mode. Requested project ID test-project, but the emulator is configured for demo-no-project. To opt-out of single project mode add/set the '"singleProjectMode": false' property in the firebase.json emulators config.
Multiple projectIds are not recommended in single project mode. Requested project ID test-project, but the emulator is configured for demo-no-project. To opt-out of single project mode add/set the '"singleProjectMode": false' property in the firebase.json emulators config.
Multiple projectIds are not recommended in single project mode. Requested project ID test-project, but the emulator is configured for demo-no-project. To opt-out of single project mode add/set the '"singleProjectMode": false' property in the firebase.json emulators config.
Multiple projectIds are not recommended in single project mode. Requested project ID test-project, but the emulator is configured for demo-no-project. To opt-out of single project mode add/set the '"singleProjectMode": false' property in the firebase.json emulators config.
Multiple projectIds are not recommended in single project mode. Requested project ID test-project, but the emulator is configured for demo-no-project. To opt-out of single project mode add/set the '"singleProjectMode": false' property in the firebase.json emulators config.
Multiple projectIds are not recommended in single project mode. Requested project ID test-project, but the emulator is configured for demo-no-project. To opt-out of single project mode add/set the '"singleProjectMode": false' property in the firebase.json emulators config.
Multiple projectIds are not recommended in single project mode. Requested project ID test-project, but the emulator is configured for demo-no-project. To opt-out of single project mode add/set the '"singleProjectMode": false' property in the firebase.json emulators config.
Multiple projectIds are not recommended in single project mode. Requested project ID test-project, but the emulator is configured for demo-no-project. To opt-out of single project mode add/set the '"singleProjectMode": false' property in the firebase.json emulators config.
Multiple projectIds are not recommended in single project mode. Requested project ID test-project, but the emulator is configured for demo-no-project. To opt-out of single project mode add/set the '"singleProjectMode": false' property in the firebase.json emulators config.
Multiple projectIds are not recommended in single project mode. Requested project ID test-project, but the emulator is configured for demo-no-project. To opt-out of single project mode add/set the '"singleProjectMode": false' property in the firebase.json emulators config.
Multiple projectIds are not recommended in single project mode. Requested project ID test-project, but the emulator is configured for demo-no-project. To opt-out of single project mode add/set the '"singleProjectMode": false' property in the firebase.json emulators config.
Multiple projectIds are not recommended in single project mode. Requested project ID test-project, but the emulator is configured for demo-no-project. To opt-out of single project mode add/set the '"singleProjectMode": false' property in the firebase.json emulators config.
Multiple projectIds are not recommended in single project mode. Requested project ID test-project, but the emulator is configured for demo-no-project. To opt-out of single project mode add/set the '"singleProjectMode": false' property in the firebase.json emulators config.
Multiple projectIds are not recommended in single project mode. Requested project ID test-project, but the emulator is configured for demo-no-project. To opt-out of single project mode add/set the '"singleProjectMode": false' property in the firebase.json emulators config.
Multiple projectIds are not recommended in single project mode. Requested project ID test-project, but the emulator is configured for demo-no-project. To opt-out of single project mode add/set the '"singleProjectMode": false' property in the firebase.json emulators config.
Multiple projectIds are not recommended in single project mode. Requested project ID test-project, but the emulator is configured for demo-no-project. To opt-out of single project mode add/set the '"singleProjectMode": false' property in the firebase.json emulators config.
Multiple projectIds are not recommended in single project mode. Requested project ID test-project, but the emulator is configured for demo-no-project. To opt-out of single project mode add/set the '"singleProjectMode": false' property in the firebase.json emulators config.
Multiple projectIds are not recommended in single project mode. Requested project ID test-project, but the emulator is configured for demo-no-project. To opt-out of single project mode add/set the '"singleProjectMode": false' property in the firebase.json emulators config.
Multiple projectIds are not recommended in single project mode. Requested project ID test-project, but the emulator is configured for demo-no-project. To opt-out of single project mode add/set the '"singleProjectMode": false' property in the firebase.json emulators config.
Multiple projectIds are not recommended in single project mode. Requested project ID test-project, but the emulator is configured for demo-no-project. To opt-out of single project mode add/set the '"singleProjectMode": false' property in the firebase.json emulators config.
Multiple projectIds are not recommended in single project mode. Requested project ID test-project, but the emulator is configured for demo-no-project. To opt-out of single project mode add/set the '"singleProjectMode": false' property in the firebase.json emulators config.
Multiple projectIds are not recommended in single project mode. Requested project ID test-project, but the emulator is configured for demo-no-project. To opt-out of single project mode add/set the '"singleProjectMode": false' property in the firebase.json emulators config.
Multiple projectIds are not recommended in single project mode. Requested project ID test-project, but the emulator is configured for demo-no-project. To opt-out of single project mode add/set the '"singleProjectMode": false' property in the firebase.json emulators config.
Multiple projectIds are not recommended in single project mode. Requested project ID test-project, but the emulator is configured for demo-no-project. To opt-out of single project mode add/set the '"singleProjectMode": false' property in the firebase.json emulators config.
Multiple projectIds are not recommended in single project mode. Requested project ID test-project, but the emulator is configured for demo-no-project. To opt-out of single project mode add/set the '"singleProjectMode": false' property in the firebase.json emulators config.
Multiple projectIds are not recommended in single project mode. Requested project ID test-project, but the emulator is configured for demo-no-project. To opt-out of single project mode add/set the '"singleProjectMode": false' property in the firebase.json emulators config.
Multiple projectIds are not recommended in single project mode. Requested project ID test-project, but the emulator is configured for demo-no-project. To opt-out of single project mode add/set the '"singleProjectMode": false' property in the firebase.json emulators config.
Multiple projectIds are not recommended in single project mode. Requested project ID test-project, but the emulator is configured for demo-no-project. To opt-out of single project mode add/set the '"singleProjectMode": false' property in the firebase.json emulators config.
Multiple projectIds are not recommended in single project mode. Requested project ID test-project, but the emulator is configured for demo-no-project. To opt-out of single project mode add/set the '"singleProjectMode": false' property in the firebase.json emulators config.
Multiple projectIds are not recommended in single project mode. Requested project ID test-project, but the emulator is configured for demo-no-project. To opt-out of single project mode add/set the '"singleProjectMode": false' property in the firebase.json emulators config.
Multiple projectIds are not recommended in single project mode. Requested project ID test-project, but the emulator is configured for demo-no-project. To opt-out of single project mode add/set the '"singleProjectMode": false' property in the firebase.json emulators config.
Multiple projectIds are not recommended in single project mode. Requested project ID test-project, but the emulator is configured for demo-no-project. To opt-out of single project mode add/set the '"singleProjectMode": false' property in the firebase.json emulators config.
Multiple projectIds are not recommended in single project mode. Requested project ID test-project, but the emulator is configured for demo-no-project. To opt-out of single project mode add/set the '"singleProjectMode": false' property in the firebase.json emulators config.
May 06, 2026 12:18:56 PM io.gapi.emulators.netty.HttpVersionRoutingHandler channelRead
INFO: Detected HTTP/2 connection.
Multiple projectIds are not recommended in single project mode. Requested project ID test-project, but the emulator is configured for demo-no-project. To opt-out of single project mode add/set the '"singleProjectMode": false' property in the firebase.json emulators config.
Multiple projectIds are not recommended in single project mode. Requested project ID test-project, but the emulator is configured for demo-no-project. To opt-out of single project mode add/set the '"singleProjectMode": false' property in the firebase.json emulators config.
Multiple projectIds are not recommended in single project mode. Requested project ID test-project, but the emulator is configured for demo-no-project. To opt-out of single project mode add/set the '"singleProjectMode": false' property in the firebase.json emulators config.
Multiple projectIds are not recommended in single project mode. Requested project ID test-project, but the emulator is configured for demo-no-project. To opt-out of single project mode add/set the '"singleProjectMode": false' property in the firebase.json emulators config.
Multiple projectIds are not recommended in single project mode. Requested project ID test-project, but the emulator is configured for demo-no-project. To opt-out of single project mode add/set the '"singleProjectMode": false' property in the firebase.json emulators config.
Multiple projectIds are not recommended in single project mode. Requested project ID test-project, but the emulator is configured for demo-no-project. To opt-out of single project mode add/set the '"singleProjectMode": false' property in the firebase.json emulators config.
Multiple projectIds are not recommended in single project mode. Requested project ID test-project, but the emulator is configured for demo-no-project. To opt-out of single project mode add/set the '"singleProjectMode": false' property in the firebase.json emulators config.
Multiple projectIds are not recommended in single project mode. Requested project ID test-project, but the emulator is configured for demo-no-project. To opt-out of single project mode add/set the '"singleProjectMode": false' property in the firebase.json emulators config.
Multiple projectIds are not recommended in single project mode. Requested project ID test-project, but the emulator is configured for demo-no-project. To opt-out of single project mode add/set the '"singleProjectMode": false' property in the firebase.json emulators config.
Multiple projectIds are not recommended in single project mode. Requested project ID test-project, but the emulator is configured for demo-no-project. To opt-out of single project mode add/set the '"singleProjectMode": false' property in the firebase.json emulators config.
Multiple projectIds are not recommended in single project mode. Requested project ID test-project, but the emulator is configured for demo-no-project. To opt-out of single project mode add/set the '"singleProjectMode": false' property in the firebase.json emulators config.
Multiple projectIds are not recommended in single project mode. Requested project ID test-project, but the emulator is configured for demo-no-project. To opt-out of single project mode add/set the '"singleProjectMode": false' property in the firebase.json emulators config.
Multiple projectIds are not recommended in single project mode. Requested project ID test-project, but the emulator is configured for demo-no-project. To opt-out of single project mode add/set the '"singleProjectMode": false' property in the firebase.json emulators config.
Multiple projectIds are not recommended in single project mode. Requested project ID test-project, but the emulator is configured for demo-no-project. To opt-out of single project mode add/set the '"singleProjectMode": false' property in the firebase.json emulators config.
Multiple projectIds are not recommended in single project mode. Requested project ID test-project, but the emulator is configured for demo-no-project. To opt-out of single project mode add/set the '"singleProjectMode": false' property in the firebase.json emulators config.
Multiple projectIds are not recommended in single project mode. Requested project ID test-project, but the emulator is configured for demo-no-project. To opt-out of single project mode add/set the '"singleProjectMode": false' property in the firebase.json emulators config.
Multiple projectIds are not recommended in single project mode. Requested project ID test-project, but the emulator is configured for demo-no-project. To opt-out of single project mode add/set the '"singleProjectMode": false' property in the firebase.json emulators config.
Multiple projectIds are not recommended in single project mode. Requested project ID test-project, but the emulator is configured for demo-no-project. To opt-out of single project mode add/set the '"singleProjectMode": false' property in the firebase.json emulators config.
Multiple projectIds are not recommended in single project mode. Requested project ID test-project, but the emulator is configured for demo-no-project. To opt-out of single project mode add/set the '"singleProjectMode": false' property in the firebase.json emulators config.
Multiple projectIds are not recommended in single project mode. Requested project ID test-project, but the emulator is configured for demo-no-project. To opt-out of single project mode add/set the '"singleProjectMode": false' property in the firebase.json emulators config.
Multiple projectIds are not recommended in single project mode. Requested project ID test-project, but the emulator is configured for demo-no-project. To opt-out of single project mode add/set the '"singleProjectMode": false' property in the firebase.json emulators config.
Multiple projectIds are not recommended in single project mode. Requested project ID test-project, but the emulator is configured for demo-no-project. To opt-out of single project mode add/set the '"singleProjectMode": false' property in the firebase.json emulators config.
Multiple projectIds are not recommended in single project mode. Requested project ID test-project, but the emulator is configured for demo-no-project. To opt-out of single project mode add/set the '"singleProjectMode": false' property in the firebase.json emulators config.
Multiple projectIds are not recommended in single project mode. Requested project ID test-project, but the emulator is configured for demo-no-project. To opt-out of single project mode add/set the '"singleProjectMode": false' property in the firebase.json emulators config.
Multiple projectIds are not recommended in single project mode. Requested project ID test-project, but the emulator is configured for demo-no-project. To opt-out of single project mode add/set the '"singleProjectMode": false' property in the firebase.json emulators config.
Multiple projectIds are not recommended in single project mode. Requested project ID test-project, but the emulator is configured for demo-no-project. To opt-out of single project mode add/set the '"singleProjectMode": false' property in the firebase.json emulators config.
Multiple projectIds are not recommended in single project mode. Requested project ID test-project, but the emulator is configured for demo-no-project. To opt-out of single project mode add/set the '"singleProjectMode": false' property in the firebase.json emulators config.
Multiple projectIds are not recommended in single project mode. Requested project ID test-project, but the emulator is configured for demo-no-project. To opt-out of single project mode add/set the '"singleProjectMode": false' property in the firebase.json emulators config.
Multiple projectIds are not recommended in single project mode. Requested project ID test-project, but the emulator is configured for demo-no-project. To opt-out of single project mode add/set the '"singleProjectMode": false' property in the firebase.json emulators config.
Multiple projectIds are not recommended in single project mode. Requested project ID test-project, but the emulator is configured for demo-no-project. To opt-out of single project mode add/set the '"singleProjectMode": false' property in the firebase.json emulators config.
Multiple projectIds are not recommended in single project mode. Requested project ID test-project, but the emulator is configured for demo-no-project. To opt-out of single project mode add/set the '"singleProjectMode": false' property in the firebase.json emulators config.
Multiple projectIds are not recommended in single project mode. Requested project ID test-project, but the emulator is configured for demo-no-project. To opt-out of single project mode add/set the '"singleProjectMode": false' property in the firebase.json emulators config.
Multiple projectIds are not recommended in single project mode. Requested project ID test-project, but the emulator is configured for demo-no-project. To opt-out of single project mode add/set the '"singleProjectMode": false' property in the firebase.json emulators config.
Multiple projectIds are not recommended in single project mode. Requested project ID test-project, but the emulator is configured for demo-no-project. To opt-out of single project mode add/set the '"singleProjectMode": false' property in the firebase.json emulators config.
Multiple projectIds are not recommended in single project mode. Requested project ID test-project, but the emulator is configured for demo-no-project. To opt-out of single project mode add/set the '"singleProjectMode": false' property in the firebase.json emulators config.
Multiple projectIds are not recommended in single project mode. Requested project ID test-project, but the emulator is configured for demo-no-project. To opt-out of single project mode add/set the '"singleProjectMode": false' property in the firebase.json emulators config.
Multiple projectIds are not recommended in single project mode. Requested project ID test-project, but the emulator is configured for demo-no-project. To opt-out of single project mode add/set the '"singleProjectMode": false' property in the firebase.json emulators config.
Multiple projectIds are not recommended in single project mode. Requested project ID test-project, but the emulator is configured for demo-no-project. To opt-out of single project mode add/set the '"singleProjectMode": false' property in the firebase.json emulators config.
Multiple projectIds are not recommended in single project mode. Requested project ID test-project, but the emulator is configured for demo-no-project. To opt-out of single project mode add/set the '"singleProjectMode": false' property in the firebase.json emulators config.
Multiple projectIds are not recommended in single project mode. Requested project ID test-project, but the emulator is configured for demo-no-project. To opt-out of single project mode add/set the '"singleProjectMode": false' property in the firebase.json emulators config.
Multiple projectIds are not recommended in single project mode. Requested project ID test-project, but the emulator is configured for demo-no-project. To opt-out of single project mode add/set the '"singleProjectMode": false' property in the firebase.json emulators config.
Multiple projectIds are not recommended in single project mode. Requested project ID test-project, but the emulator is configured for demo-no-project. To opt-out of single project mode add/set the '"singleProjectMode": false' property in the firebase.json emulators config.
Multiple projectIds are not recommended in single project mode. Requested project ID test-project, but the emulator is configured for demo-no-project. To opt-out of single project mode add/set the '"singleProjectMode": false' property in the firebase.json emulators config.
Multiple projectIds are not recommended in single project mode. Requested project ID test-project, but the emulator is configured for demo-no-project. To opt-out of single project mode add/set the '"singleProjectMode": false' property in the firebase.json emulators config.
Multiple projectIds are not recommended in single project mode. Requested project ID test-project, but the emulator is configured for demo-no-project. To opt-out of single project mode add/set the '"singleProjectMode": false' property in the firebase.json emulators config.
Multiple projectIds are not recommended in single project mode. Requested project ID test-project, but the emulator is configured for demo-no-project. To opt-out of single project mode add/set the '"singleProjectMode": false' property in the firebase.json emulators config.
Multiple projectIds are not recommended in single project mode. Requested project ID test-project, but the emulator is configured for demo-no-project. To opt-out of single project mode add/set the '"singleProjectMode": false' property in the firebase.json emulators config.
Multiple projectIds are not recommended in single project mode. Requested project ID test-project, but the emulator is configured for demo-no-project. To opt-out of single project mode add/set the '"singleProjectMode": false' property in the firebase.json emulators config.
Multiple projectIds are not recommended in single project mode. Requested project ID test-project, but the emulator is configured for demo-no-project. To opt-out of single project mode add/set the '"singleProjectMode": false' property in the firebase.json emulators config.
Multiple projectIds are not recommended in single project mode. Requested project ID test-project, but the emulator is configured for demo-no-project. To opt-out of single project mode add/set the '"singleProjectMode": false' property in the firebase.json emulators config.
Multiple projectIds are not recommended in single project mode. Requested project ID test-project, but the emulator is configured for demo-no-project. To opt-out of single project mode add/set the '"singleProjectMode": false' property in the firebase.json emulators config.
Multiple projectIds are not recommended in single project mode. Requested project ID test-project, but the emulator is configured for demo-no-project. To opt-out of single project mode add/set the '"singleProjectMode": false' property in the firebase.json emulators config.
Multiple projectIds are not recommended in single project mode. Requested project ID test-project, but the emulator is configured for demo-no-project. To opt-out of single project mode add/set the '"singleProjectMode": false' property in the firebase.json emulators config.
Multiple projectIds are not recommended in single project mode. Requested project ID test-project, but the emulator is configured for demo-no-project. To opt-out of single project mode add/set the '"singleProjectMode": false' property in the firebase.json emulators config.
Multiple projectIds are not recommended in single project mode. Requested project ID test-project, but the emulator is configured for demo-no-project. To opt-out of single project mode add/set the '"singleProjectMode": false' property in the firebase.json emulators config.
Multiple projectIds are not recommended in single project mode. Requested project ID test-project, but the emulator is configured for demo-no-project. To opt-out of single project mode add/set the '"singleProjectMode": false' property in the firebase.json emulators config.
Multiple projectIds are not recommended in single project mode. Requested project ID test-project, but the emulator is configured for demo-no-project. To opt-out of single project mode add/set the '"singleProjectMode": false' property in the firebase.json emulators config.
Multiple projectIds are not recommended in single project mode. Requested project ID test-project, but the emulator is configured for demo-no-project. To opt-out of single project mode add/set the '"singleProjectMode": false' property in the firebase.json emulators config.
Multiple projectIds are not recommended in single project mode. Requested project ID test-project, but the emulator is configured for demo-no-project. To opt-out of single project mode add/set the '"singleProjectMode": false' property in the firebase.json emulators config.
Multiple projectIds are not recommended in single project mode. Requested project ID test-project, but the emulator is configured for demo-no-project. To opt-out of single project mode add/set the '"singleProjectMode": false' property in the firebase.json emulators config.
Multiple projectIds are not recommended in single project mode. Requested project ID test-project, but the emulator is configured for demo-no-project. To opt-out of single project mode add/set the '"singleProjectMode": false' property in the firebase.json emulators config.
Multiple projectIds are not recommended in single project mode. Requested project ID test-project, but the emulator is configured for demo-no-project. To opt-out of single project mode add/set the '"singleProjectMode": false' property in the firebase.json emulators config.
Multiple projectIds are not recommended in single project mode. Requested project ID test-project, but the emulator is configured for demo-no-project. To opt-out of single project mode add/set the '"singleProjectMode": false' property in the firebase.json emulators config.
Multiple projectIds are not recommended in single project mode. Requested project ID test-project, but the emulator is configured for demo-no-project. To opt-out of single project mode add/set the '"singleProjectMode": false' property in the firebase.json emulators config.
Multiple projectIds are not recommended in single project mode. Requested project ID test-project, but the emulator is configured for demo-no-project. To opt-out of single project mode add/set the '"singleProjectMode": false' property in the firebase.json emulators config.
Multiple projectIds are not recommended in single project mode. Requested project ID test-project, but the emulator is configured for demo-no-project. To opt-out of single project mode add/set the '"singleProjectMode": false' property in the firebase.json emulators config.
Multiple projectIds are not recommended in single project mode. Requested project ID test-project, but the emulator is configured for demo-no-project. To opt-out of single project mode add/set the '"singleProjectMode": false' property in the firebase.json emulators config.
Multiple projectIds are not recommended in single project mode. Requested project ID test-project, but the emulator is configured for demo-no-project. To opt-out of single project mode add/set the '"singleProjectMode": false' property in the firebase.json emulators config.
Multiple projectIds are not recommended in single project mode. Requested project ID test-project, but the emulator is configured for demo-no-project. To opt-out of single project mode add/set the '"singleProjectMode": false' property in the firebase.json emulators config.
Multiple projectIds are not recommended in single project mode. Requested project ID test-project, but the emulator is configured for demo-no-project. To opt-out of single project mode add/set the '"singleProjectMode": false' property in the firebase.json emulators config.
Multiple projectIds are not recommended in single project mode. Requested project ID test-project, but the emulator is configured for demo-no-project. To opt-out of single project mode add/set the '"singleProjectMode": false' property in the firebase.json emulators config.
Multiple projectIds are not recommended in single project mode. Requested project ID test-project, but the emulator is configured for demo-no-project. To opt-out of single project mode add/set the '"singleProjectMode": false' property in the firebase.json emulators config.
Multiple projectIds are not recommended in single project mode. Requested project ID test-project, but the emulator is configured for demo-no-project. To opt-out of single project mode add/set the '"singleProjectMode": false' property in the firebase.json emulators config.
Multiple projectIds are not recommended in single project mode. Requested project ID test-project, but the emulator is configured for demo-no-project. To opt-out of single project mode add/set the '"singleProjectMode": false' property in the firebase.json emulators config.
May 06, 2026 12:18:57 PM io.gapi.emulators.netty.HttpVersionRoutingHandler channelRead
INFO: Detected HTTP/2 connection.
Multiple projectIds are not recommended in single project mode. Requested project ID test-project, but the emulator is configured for demo-no-project. To opt-out of single project mode add/set the '"singleProjectMode": false' property in the firebase.json emulators config.
Multiple projectIds are not recommended in single project mode. Requested project ID test-project, but the emulator is configured for demo-no-project. To opt-out of single project mode add/set the '"singleProjectMode": false' property in the firebase.json emulators config.
Multiple projectIds are not recommended in single project mode. Requested project ID test-project, but the emulator is configured for demo-no-project. To opt-out of single project mode add/set the '"singleProjectMode": false' property in the firebase.json emulators config.
Multiple projectIds are not recommended in single project mode. Requested project ID test-project, but the emulator is configured for demo-no-project. To opt-out of single project mode add/set the '"singleProjectMode": false' property in the firebase.json emulators config.
Multiple projectIds are not recommended in single project mode. Requested project ID test-project, but the emulator is configured for demo-no-project. To opt-out of single project mode add/set the '"singleProjectMode": false' property in the firebase.json emulators config.
Multiple projectIds are not recommended in single project mode. Requested project ID test-project, but the emulator is configured for demo-no-project. To opt-out of single project mode add/set the '"singleProjectMode": false' property in the firebase.json emulators config.
Multiple projectIds are not recommended in single project mode. Requested project ID test-project, but the emulator is configured for demo-no-project. To opt-out of single project mode add/set the '"singleProjectMode": false' property in the firebase.json emulators config.
Multiple projectIds are not recommended in single project mode. Requested project ID test-project, but the emulator is configured for demo-no-project. To opt-out of single project mode add/set the '"singleProjectMode": false' property in the firebase.json emulators config.
Multiple projectIds are not recommended in single project mode. Requested project ID test-project, but the emulator is configured for demo-no-project. To opt-out of single project mode add/set the '"singleProjectMode": false' property in the firebase.json emulators config.
Multiple projectIds are not recommended in single project mode. Requested project ID test-project, but the emulator is configured for demo-no-project. To opt-out of single project mode add/set the '"singleProjectMode": false' property in the firebase.json emulators config.
Multiple projectIds are not recommended in single project mode. Requested project ID test-project, but the emulator is configured for demo-no-project. To opt-out of single project mode add/set the '"singleProjectMode": false' property in the firebase.json emulators config.
Multiple projectIds are not recommended in single project mode. Requested project ID test-project, but the emulator is configured for demo-no-project. To opt-out of single project mode add/set the '"singleProjectMode": false' property in the firebase.json emulators config.
Multiple projectIds are not recommended in single project mode. Requested project ID test-project, but the emulator is configured for demo-no-project. To opt-out of single project mode add/set the '"singleProjectMode": false' property in the firebase.json emulators config.
Multiple projectIds are not recommended in single project mode. Requested project ID test-project, but the emulator is configured for demo-no-project. To opt-out of single project mode add/set the '"singleProjectMode": false' property in the firebase.json emulators config.
Multiple projectIds are not recommended in single project mode. Requested project ID test-project, but the emulator is configured for demo-no-project. To opt-out of single project mode add/set the '"singleProjectMode": false' property in the firebase.json emulators config.
Multiple projectIds are not recommended in single project mode. Requested project ID test-project, but the emulator is configured for demo-no-project. To opt-out of single project mode add/set the '"singleProjectMode": false' property in the firebase.json emulators config.
Multiple projectIds are not recommended in single project mode. Requested project ID test-project, but the emulator is configured for demo-no-project. To opt-out of single project mode add/set the '"singleProjectMode": false' property in the firebase.json emulators config.
Multiple projectIds are not recommended in single project mode. Requested project ID test-project, but the emulator is configured for demo-no-project. To opt-out of single project mode add/set the '"singleProjectMode": false' property in the firebase.json emulators config.
Multiple projectIds are not recommended in single project mode. Requested project ID test-project, but the emulator is configured for demo-no-project. To opt-out of single project mode add/set the '"singleProjectMode": false' property in the firebase.json emulators config.
Multiple projectIds are not recommended in single project mode. Requested project ID test-project, but the emulator is configured for demo-no-project. To opt-out of single project mode add/set the '"singleProjectMode": false' property in the firebase.json emulators config.
Multiple projectIds are not recommended in single project mode. Requested project ID test-project, but the emulator is configured for demo-no-project. To opt-out of single project mode add/set the '"singleProjectMode": false' property in the firebase.json emulators config.
Multiple projectIds are not recommended in single project mode. Requested project ID test-project, but the emulator is configured for demo-no-project. To opt-out of single project mode add/set the '"singleProjectMode": false' property in the firebase.json emulators config.
Multiple projectIds are not recommended in single project mode. Requested project ID test-project, but the emulator is configured for demo-no-project. To opt-out of single project mode add/set the '"singleProjectMode": false' property in the firebase.json emulators config.
Multiple projectIds are not recommended in single project mode. Requested project ID test-project, but the emulator is configured for demo-no-project. To opt-out of single project mode add/set the '"singleProjectMode": false' property in the firebase.json emulators config.
Multiple projectIds are not recommended in single project mode. Requested project ID test-project, but the emulator is configured for demo-no-project. To opt-out of single project mode add/set the '"singleProjectMode": false' property in the firebase.json emulators config.
Multiple projectIds are not recommended in single project mode. Requested project ID test-project, but the emulator is configured for demo-no-project. To opt-out of single project mode add/set the '"singleProjectMode": false' property in the firebase.json emulators config.
Multiple projectIds are not recommended in single project mode. Requested project ID test-project, but the emulator is configured for demo-no-project. To opt-out of single project mode add/set the '"singleProjectMode": false' property in the firebase.json emulators config.
Multiple projectIds are not recommended in single project mode. Requested project ID test-project, but the emulator is configured for demo-no-project. To opt-out of single project mode add/set the '"singleProjectMode": false' property in the firebase.json emulators config.
Multiple projectIds are not recommended in single project mode. Requested project ID test-project, but the emulator is configured for demo-no-project. To opt-out of single project mode add/set the '"singleProjectMode": false' property in the firebase.json emulators config.
Multiple projectIds are not recommended in single project mode. Requested project ID test-project, but the emulator is configured for demo-no-project. To opt-out of single project mode add/set the '"singleProjectMode": false' property in the firebase.json emulators config.
Multiple projectIds are not recommended in single project mode. Requested project ID test-project, but the emulator is configured for demo-no-project. To opt-out of single project mode add/set the '"singleProjectMode": false' property in the firebase.json emulators config.
Multiple projectIds are not recommended in single project mode. Requested project ID test-project, but the emulator is configured for demo-no-project. To opt-out of single project mode add/set the '"singleProjectMode": false' property in the firebase.json emulators config.
Multiple projectIds are not recommended in single project mode. Requested project ID test-project, but the emulator is configured for demo-no-project. To opt-out of single project mode add/set the '"singleProjectMode": false' property in the firebase.json emulators config.
Multiple projectIds are not recommended in single project mode. Requested project ID test-project, but the emulator is configured for demo-no-project. To opt-out of single project mode add/set the '"singleProjectMode": false' property in the firebase.json emulators config.
Multiple projectIds are not recommended in single project mode. Requested project ID test-project, but the emulator is configured for demo-no-project. To opt-out of single project mode add/set the '"singleProjectMode": false' property in the firebase.json emulators config.
Multiple projectIds are not recommended in single project mode. Requested project ID test-project, but the emulator is configured for demo-no-project. To opt-out of single project mode add/set the '"singleProjectMode": false' property in the firebase.json emulators config.
Multiple projectIds are not recommended in single project mode. Requested project ID test-project, but the emulator is configured for demo-no-project. To opt-out of single project mode add/set the '"singleProjectMode": false' property in the firebase.json emulators config.
Multiple projectIds are not recommended in single project mode. Requested project ID test-project, but the emulator is configured for demo-no-project. To opt-out of single project mode add/set the '"singleProjectMode": false' property in the firebase.json emulators config.
Multiple projectIds are not recommended in single project mode. Requested project ID test-project, but the emulator is configured for demo-no-project. To opt-out of single project mode add/set the '"singleProjectMode": false' property in the firebase.json emulators config.
Multiple projectIds are not recommended in single project mode. Requested project ID test-project, but the emulator is configured for demo-no-project. To opt-out of single project mode add/set the '"singleProjectMode": false' property in the firebase.json emulators config.
Multiple projectIds are not recommended in single project mode. Requested project ID test-project, but the emulator is configured for demo-no-project. To opt-out of single project mode add/set the '"singleProjectMode": false' property in the firebase.json emulators config.
Multiple projectIds are not recommended in single project mode. Requested project ID test-project, but the emulator is configured for demo-no-project. To opt-out of single project mode add/set the '"singleProjectMode": false' property in the firebase.json emulators config.
Multiple projectIds are not recommended in single project mode. Requested project ID test-project, but the emulator is configured for demo-no-project. To opt-out of single project mode add/set the '"singleProjectMode": false' property in the firebase.json emulators config.
Multiple projectIds are not recommended in single project mode. Requested project ID test-project, but the emulator is configured for demo-no-project. To opt-out of single project mode add/set the '"singleProjectMode": false' property in the firebase.json emulators config.
Multiple projectIds are not recommended in single project mode. Requested project ID test-project, but the emulator is configured for demo-no-project. To opt-out of single project mode add/set the '"singleProjectMode": false' property in the firebase.json emulators config.
Multiple projectIds are not recommended in single project mode. Requested project ID test-project, but the emulator is configured for demo-no-project. To opt-out of single project mode add/set the '"singleProjectMode": false' property in the firebase.json emulators config.
Multiple projectIds are not recommended in single project mode. Requested project ID test-project, but the emulator is configured for demo-no-project. To opt-out of single project mode add/set the '"singleProjectMode": false' property in the firebase.json emulators config.
Multiple projectIds are not recommended in single project mode. Requested project ID test-project, but the emulator is configured for demo-no-project. To opt-out of single project mode add/set the '"singleProjectMode": false' property in the firebase.json emulators config.
Multiple projectIds are not recommended in single project mode. Requested project ID test-project, but the emulator is configured for demo-no-project. To opt-out of single project mode add/set the '"singleProjectMode": false' property in the firebase.json emulators config.
Multiple projectIds are not recommended in single project mode. Requested project ID test-project, but the emulator is configured for demo-no-project. To opt-out of single project mode add/set the '"singleProjectMode": false' property in the firebase.json emulators config.
Multiple projectIds are not recommended in single project mode. Requested project ID test-project, but the emulator is configured for demo-no-project. To opt-out of single project mode add/set the '"singleProjectMode": false' property in the firebase.json emulators config.
Multiple projectIds are not recommended in single project mode. Requested project ID test-project, but the emulator is configured for demo-no-project. To opt-out of single project mode add/set the '"singleProjectMode": false' property in the firebase.json emulators config.
Multiple projectIds are not recommended in single project mode. Requested project ID test-project, but the emulator is configured for demo-no-project. To opt-out of single project mode add/set the '"singleProjectMode": false' property in the firebase.json emulators config.
Multiple projectIds are not recommended in single project mode. Requested project ID test-project, but the emulator is configured for demo-no-project. To opt-out of single project mode add/set the '"singleProjectMode": false' property in the firebase.json emulators config.
Multiple projectIds are not recommended in single project mode. Requested project ID test-project, but the emulator is configured for demo-no-project. To opt-out of single project mode add/set the '"singleProjectMode": false' property in the firebase.json emulators config.
Multiple projectIds are not recommended in single project mode. Requested project ID test-project, but the emulator is configured for demo-no-project. To opt-out of single project mode add/set the '"singleProjectMode": false' property in the firebase.json emulators config.
Multiple projectIds are not recommended in single project mode. Requested project ID test-project, but the emulator is configured for demo-no-project. To opt-out of single project mode add/set the '"singleProjectMode": false' property in the firebase.json emulators config.
Multiple projectIds are not recommended in single project mode. Requested project ID test-project, but the emulator is configured for demo-no-project. To opt-out of single project mode add/set the '"singleProjectMode": false' property in the firebase.json emulators config.
Multiple projectIds are not recommended in single project mode. Requested project ID test-project, but the emulator is configured for demo-no-project. To opt-out of single project mode add/set the '"singleProjectMode": false' property in the firebase.json emulators config.
Multiple projectIds are not recommended in single project mode. Requested project ID test-project, but the emulator is configured for demo-no-project. To opt-out of single project mode add/set the '"singleProjectMode": false' property in the firebase.json emulators config.
Multiple projectIds are not recommended in single project mode. Requested project ID test-project, but the emulator is configured for demo-no-project. To opt-out of single project mode add/set the '"singleProjectMode": false' property in the firebase.json emulators config.
Multiple projectIds are not recommended in single project mode. Requested project ID test-project, but the emulator is configured for demo-no-project. To opt-out of single project mode add/set the '"singleProjectMode": false' property in the firebase.json emulators config.
Multiple projectIds are not recommended in single project mode. Requested project ID test-project, but the emulator is configured for demo-no-project. To opt-out of single project mode add/set the '"singleProjectMode": false' property in the firebase.json emulators config.
Multiple projectIds are not recommended in single project mode. Requested project ID test-project, but the emulator is configured for demo-no-project. To opt-out of single project mode add/set the '"singleProjectMode": false' property in the firebase.json emulators config.
Multiple projectIds are not recommended in single project mode. Requested project ID test-project, but the emulator is configured for demo-no-project. To opt-out of single project mode add/set the '"singleProjectMode": false' property in the firebase.json emulators config.
Multiple projectIds are not recommended in single project mode. Requested project ID test-project, but the emulator is configured for demo-no-project. To opt-out of single project mode add/set the '"singleProjectMode": false' property in the firebase.json emulators config.
Multiple projectIds are not recommended in single project mode. Requested project ID test-project, but the emulator is configured for demo-no-project. To opt-out of single project mode add/set the '"singleProjectMode": false' property in the firebase.json emulators config.
Multiple projectIds are not recommended in single project mode. Requested project ID test-project, but the emulator is configured for demo-no-project. To opt-out of single project mode add/set the '"singleProjectMode": false' property in the firebase.json emulators config.
May 06, 2026 12:18:58 PM io.gapi.emulators.netty.HttpVersionRoutingHandler channelRead
INFO: Detected HTTP/2 connection.
Multiple projectIds are not recommended in single project mode. Requested project ID test-project, but the emulator is configured for demo-no-project. To opt-out of single project mode add/set the '"singleProjectMode": false' property in the firebase.json emulators config.
Multiple projectIds are not recommended in single project mode. Requested project ID test-project, but the emulator is configured for demo-no-project. To opt-out of single project mode add/set the '"singleProjectMode": false' property in the firebase.json emulators config.
Multiple projectIds are not recommended in single project mode. Requested project ID test-project, but the emulator is configured for demo-no-project. To opt-out of single project mode add/set the '"singleProjectMode": false' property in the firebase.json emulators config.
Multiple projectIds are not recommended in single project mode. Requested project ID test-project, but the emulator is configured for demo-no-project. To opt-out of single project mode add/set the '"singleProjectMode": false' property in the firebase.json emulators config.
Multiple projectIds are not recommended in single project mode. Requested project ID test-project, but the emulator is configured for demo-no-project. To opt-out of single project mode add/set the '"singleProjectMode": false' property in the firebase.json emulators config.
Multiple projectIds are not recommended in single project mode. Requested project ID test-project, but the emulator is configured for demo-no-project. To opt-out of single project mode add/set the '"singleProjectMode": false' property in the firebase.json emulators config.
Multiple projectIds are not recommended in single project mode. Requested project ID test-project, but the emulator is configured for demo-no-project. To opt-out of single project mode add/set the '"singleProjectMode": false' property in the firebase.json emulators config.
Multiple projectIds are not recommended in single project mode. Requested project ID test-project, but the emulator is configured for demo-no-project. To opt-out of single project mode add/set the '"singleProjectMode": false' property in the firebase.json emulators config.
Multiple projectIds are not recommended in single project mode. Requested project ID test-project, but the emulator is configured for demo-no-project. To opt-out of single project mode add/set the '"singleProjectMode": false' property in the firebase.json emulators config.
Multiple projectIds are not recommended in single project mode. Requested project ID test-project, but the emulator is configured for demo-no-project. To opt-out of single project mode add/set the '"singleProjectMode": false' property in the firebase.json emulators config.
Multiple projectIds are not recommended in single project mode. Requested project ID test-project, but the emulator is configured for demo-no-project. To opt-out of single project mode add/set the '"singleProjectMode": false' property in the firebase.json emulators config.
Multiple projectIds are not recommended in single project mode. Requested project ID test-project, but the emulator is configured for demo-no-project. To opt-out of single project mode add/set the '"singleProjectMode": false' property in the firebase.json emulators config.
Multiple projectIds are not recommended in single project mode. Requested project ID test-project, but the emulator is configured for demo-no-project. To opt-out of single project mode add/set the '"singleProjectMode": false' property in the firebase.json emulators config.
Multiple projectIds are not recommended in single project mode. Requested project ID test-project, but the emulator is configured for demo-no-project. To opt-out of single project mode add/set the '"singleProjectMode": false' property in the firebase.json emulators config.
Multiple projectIds are not recommended in single project mode. Requested project ID test-project, but the emulator is configured for demo-no-project. To opt-out of single project mode add/set the '"singleProjectMode": false' property in the firebase.json emulators config.
Multiple projectIds are not recommended in single project mode. Requested project ID test-project, but the emulator is configured for demo-no-project. To opt-out of single project mode add/set the '"singleProjectMode": false' property in the firebase.json emulators config.
Multiple projectIds are not recommended in single project mode. Requested project ID test-project, but the emulator is configured for demo-no-project. To opt-out of single project mode add/set the '"singleProjectMode": false' property in the firebase.json emulators config.
Multiple projectIds are not recommended in single project mode. Requested project ID test-project, but the emulator is configured for demo-no-project. To opt-out of single project mode add/set the '"singleProjectMode": false' property in the firebase.json emulators config.
Multiple projectIds are not recommended in single project mode. Requested project ID test-project, but the emulator is configured for demo-no-project. To opt-out of single project mode add/set the '"singleProjectMode": false' property in the firebase.json emulators config.
Multiple projectIds are not recommended in single project mode. Requested project ID test-project, but the emulator is configured for demo-no-project. To opt-out of single project mode add/set the '"singleProjectMode": false' property in the firebase.json emulators config.
Multiple projectIds are not recommended in single project mode. Requested project ID test-project, but the emulator is configured for demo-no-project. To opt-out of single project mode add/set the '"singleProjectMode": false' property in the firebase.json emulators config.
Multiple projectIds are not recommended in single project mode. Requested project ID test-project, but the emulator is configured for demo-no-project. To opt-out of single project mode add/set the '"singleProjectMode": false' property in the firebase.json emulators config.
Multiple projectIds are not recommended in single project mode. Requested project ID test-project, but the emulator is configured for demo-no-project. To opt-out of single project mode add/set the '"singleProjectMode": false' property in the firebase.json emulators config.
Multiple projectIds are not recommended in single project mode. Requested project ID test-project, but the emulator is configured for demo-no-project. To opt-out of single project mode add/set the '"singleProjectMode": false' property in the firebase.json emulators config.
Multiple projectIds are not recommended in single project mode. Requested project ID test-project, but the emulator is configured for demo-no-project. To opt-out of single project mode add/set the '"singleProjectMode": false' property in the firebase.json emulators config.
Multiple projectIds are not recommended in single project mode. Requested project ID test-project, but the emulator is configured for demo-no-project. To opt-out of single project mode add/set the '"singleProjectMode": false' property in the firebase.json emulators config.
Multiple projectIds are not recommended in single project mode. Requested project ID test-project, but the emulator is configured for demo-no-project. To opt-out of single project mode add/set the '"singleProjectMode": false' property in the firebase.json emulators config.
Multiple projectIds are not recommended in single project mode. Requested project ID test-project, but the emulator is configured for demo-no-project. To opt-out of single project mode add/set the '"singleProjectMode": false' property in the firebase.json emulators config.
Multiple projectIds are not recommended in single project mode. Requested project ID test-project, but the emulator is configured for demo-no-project. To opt-out of single project mode add/set the '"singleProjectMode": false' property in the firebase.json emulators config.
Multiple projectIds are not recommended in single project mode. Requested project ID test-project, but the emulator is configured for demo-no-project. To opt-out of single project mode add/set the '"singleProjectMode": false' property in the firebase.json emulators config.
Multiple projectIds are not recommended in single project mode. Requested project ID test-project, but the emulator is configured for demo-no-project. To opt-out of single project mode add/set the '"singleProjectMode": false' property in the firebase.json emulators config.
Multiple projectIds are not recommended in single project mode. Requested project ID test-project, but the emulator is configured for demo-no-project. To opt-out of single project mode add/set the '"singleProjectMode": false' property in the firebase.json emulators config.
Multiple projectIds are not recommended in single project mode. Requested project ID test-project, but the emulator is configured for demo-no-project. To opt-out of single project mode add/set the '"singleProjectMode": false' property in the firebase.json emulators config.
Multiple projectIds are not recommended in single project mode. Requested project ID test-project, but the emulator is configured for demo-no-project. To opt-out of single project mode add/set the '"singleProjectMode": false' property in the firebase.json emulators config.
Multiple projectIds are not recommended in single project mode. Requested project ID test-project, but the emulator is configured for demo-no-project. To opt-out of single project mode add/set the '"singleProjectMode": false' property in the firebase.json emulators config.
Multiple projectIds are not recommended in single project mode. Requested project ID test-project, but the emulator is configured for demo-no-project. To opt-out of single project mode add/set the '"singleProjectMode": false' property in the firebase.json emulators config.
Multiple projectIds are not recommended in single project mode. Requested project ID test-project, but the emulator is configured for demo-no-project. To opt-out of single project mode add/set the '"singleProjectMode": false' property in the firebase.json emulators config.
Multiple projectIds are not recommended in single project mode. Requested project ID test-project, but the emulator is configured for demo-no-project. To opt-out of single project mode add/set the '"singleProjectMode": false' property in the firebase.json emulators config.
Multiple projectIds are not recommended in single project mode. Requested project ID test-project, but the emulator is configured for demo-no-project. To opt-out of single project mode add/set the '"singleProjectMode": false' property in the firebase.json emulators config.
Multiple projectIds are not recommended in single project mode. Requested project ID test-project, but the emulator is configured for demo-no-project. To opt-out of single project mode add/set the '"singleProjectMode": false' property in the firebase.json emulators config.
Multiple projectIds are not recommended in single project mode. Requested project ID test-project, but the emulator is configured for demo-no-project. To opt-out of single project mode add/set the '"singleProjectMode": false' property in the firebase.json emulators config.
Multiple projectIds are not recommended in single project mode. Requested project ID test-project, but the emulator is configured for demo-no-project. To opt-out of single project mode add/set the '"singleProjectMode": false' property in the firebase.json emulators config.
Multiple projectIds are not recommended in single project mode. Requested project ID test-project, but the emulator is configured for demo-no-project. To opt-out of single project mode add/set the '"singleProjectMode": false' property in the firebase.json emulators config.
Multiple projectIds are not recommended in single project mode. Requested project ID test-project, but the emulator is configured for demo-no-project. To opt-out of single project mode add/set the '"singleProjectMode": false' property in the firebase.json emulators config.
Multiple projectIds are not recommended in single project mode. Requested project ID test-project, but the emulator is configured for demo-no-project. To opt-out of single project mode add/set the '"singleProjectMode": false' property in the firebase.json emulators config.
Multiple projectIds are not recommended in single project mode. Requested project ID test-project, but the emulator is configured for demo-no-project. To opt-out of single project mode add/set the '"singleProjectMode": false' property in the firebase.json emulators config.
Multiple projectIds are not recommended in single project mode. Requested project ID test-project, but the emulator is configured for demo-no-project. To opt-out of single project mode add/set the '"singleProjectMode": false' property in the firebase.json emulators config.
Multiple projectIds are not recommended in single project mode. Requested project ID test-project, but the emulator is configured for demo-no-project. To opt-out of single project mode add/set the '"singleProjectMode": false' property in the firebase.json emulators config.
Multiple projectIds are not recommended in single project mode. Requested project ID test-project, but the emulator is configured for demo-no-project. To opt-out of single project mode add/set the '"singleProjectMode": false' property in the firebase.json emulators config.
Multiple projectIds are not recommended in single project mode. Requested project ID test-project, but the emulator is configured for demo-no-project. To opt-out of single project mode add/set the '"singleProjectMode": false' property in the firebase.json emulators config.
Multiple projectIds are not recommended in single project mode. Requested project ID test-project, but the emulator is configured for demo-no-project. To opt-out of single project mode add/set the '"singleProjectMode": false' property in the firebase.json emulators config.
Multiple projectIds are not recommended in single project mode. Requested project ID test-project, but the emulator is configured for demo-no-project. To opt-out of single project mode add/set the '"singleProjectMode": false' property in the firebase.json emulators config.
Multiple projectIds are not recommended in single project mode. Requested project ID test-project, but the emulator is configured for demo-no-project. To opt-out of single project mode add/set the '"singleProjectMode": false' property in the firebase.json emulators config.
Multiple projectIds are not recommended in single project mode. Requested project ID test-project, but the emulator is configured for demo-no-project. To opt-out of single project mode add/set the '"singleProjectMode": false' property in the firebase.json emulators config.
Multiple projectIds are not recommended in single project mode. Requested project ID test-project, but the emulator is configured for demo-no-project. To opt-out of single project mode add/set the '"singleProjectMode": false' property in the firebase.json emulators config.
Multiple projectIds are not recommended in single project mode. Requested project ID test-project, but the emulator is configured for demo-no-project. To opt-out of single project mode add/set the '"singleProjectMode": false' property in the firebase.json emulators config.
Multiple projectIds are not recommended in single project mode. Requested project ID test-project, but the emulator is configured for demo-no-project. To opt-out of single project mode add/set the '"singleProjectMode": false' property in the firebase.json emulators config.
Multiple projectIds are not recommended in single project mode. Requested project ID test-project, but the emulator is configured for demo-no-project. To opt-out of single project mode add/set the '"singleProjectMode": false' property in the firebase.json emulators config.
Multiple projectIds are not recommended in single project mode. Requested project ID test-project, but the emulator is configured for demo-no-project. To opt-out of single project mode add/set the '"singleProjectMode": false' property in the firebase.json emulators config.
Multiple projectIds are not recommended in single project mode. Requested project ID test-project, but the emulator is configured for demo-no-project. To opt-out of single project mode add/set the '"singleProjectMode": false' property in the firebase.json emulators config.
Multiple projectIds are not recommended in single project mode. Requested project ID test-project, but the emulator is configured for demo-no-project. To opt-out of single project mode add/set the '"singleProjectMode": false' property in the firebase.json emulators config.
Multiple projectIds are not recommended in single project mode. Requested project ID test-project, but the emulator is configured for demo-no-project. To opt-out of single project mode add/set the '"singleProjectMode": false' property in the firebase.json emulators config.
Multiple projectIds are not recommended in single project mode. Requested project ID test-project, but the emulator is configured for demo-no-project. To opt-out of single project mode add/set the '"singleProjectMode": false' property in the firebase.json emulators config.
Multiple projectIds are not recommended in single project mode. Requested project ID test-project, but the emulator is configured for demo-no-project. To opt-out of single project mode add/set the '"singleProjectMode": false' property in the firebase.json emulators config.
Multiple projectIds are not recommended in single project mode. Requested project ID test-project, but the emulator is configured for demo-no-project. To opt-out of single project mode add/set the '"singleProjectMode": false' property in the firebase.json emulators config.
Multiple projectIds are not recommended in single project mode. Requested project ID test-project, but the emulator is configured for demo-no-project. To opt-out of single project mode add/set the '"singleProjectMode": false' property in the firebase.json emulators config.
Multiple projectIds are not recommended in single project mode. Requested project ID test-project, but the emulator is configured for demo-no-project. To opt-out of single project mode add/set the '"singleProjectMode": false' property in the firebase.json emulators config.
Multiple projectIds are not recommended in single project mode. Requested project ID test-project, but the emulator is configured for demo-no-project. To opt-out of single project mode add/set the '"singleProjectMode": false' property in the firebase.json emulators config.
Multiple projectIds are not recommended in single project mode. Requested project ID test-project, but the emulator is configured for demo-no-project. To opt-out of single project mode add/set the '"singleProjectMode": false' property in the firebase.json emulators config.
Multiple projectIds are not recommended in single project mode. Requested project ID test-project, but the emulator is configured for demo-no-project. To opt-out of single project mode add/set the '"singleProjectMode": false' property in the firebase.json emulators config.
Multiple projectIds are not recommended in single project mode. Requested project ID test-project, but the emulator is configured for demo-no-project. To opt-out of single project mode add/set the '"singleProjectMode": false' property in the firebase.json emulators config.
Multiple projectIds are not recommended in single project mode. Requested project ID test-project, but the emulator is configured for demo-no-project. To opt-out of single project mode add/set the '"singleProjectMode": false' property in the firebase.json emulators config.
May 06, 2026 12:18:59 PM io.gapi.emulators.netty.HttpVersionRoutingHandler channelRead
INFO: Detected HTTP/2 connection.
Multiple projectIds are not recommended in single project mode. Requested project ID test-project, but the emulator is configured for demo-no-project. To opt-out of single project mode add/set the '"singleProjectMode": false' property in the firebase.json emulators config.
Multiple projectIds are not recommended in single project mode. Requested project ID test-project, but the emulator is configured for demo-no-project. To opt-out of single project mode add/set the '"singleProjectMode": false' property in the firebase.json emulators config.
Multiple projectIds are not recommended in single project mode. Requested project ID test-project, but the emulator is configured for demo-no-project. To opt-out of single project mode add/set the '"singleProjectMode": false' property in the firebase.json emulators config.
Multiple projectIds are not recommended in single project mode. Requested project ID test-project, but the emulator is configured for demo-no-project. To opt-out of single project mode add/set the '"singleProjectMode": false' property in the firebase.json emulators config.
Multiple projectIds are not recommended in single project mode. Requested project ID test-project, but the emulator is configured for demo-no-project. To opt-out of single project mode add/set the '"singleProjectMode": false' property in the firebase.json emulators config.
Multiple projectIds are not recommended in single project mode. Requested project ID test-project, but the emulator is configured for demo-no-project. To opt-out of single project mode add/set the '"singleProjectMode": false' property in the firebase.json emulators config.
Multiple projectIds are not recommended in single project mode. Requested project ID test-project, but the emulator is configured for demo-no-project. To opt-out of single project mode add/set the '"singleProjectMode": false' property in the firebase.json emulators config.
Multiple projectIds are not recommended in single project mode. Requested project ID test-project, but the emulator is configured for demo-no-project. To opt-out of single project mode add/set the '"singleProjectMode": false' property in the firebase.json emulators config.
Multiple projectIds are not recommended in single project mode. Requested project ID test-project, but the emulator is configured for demo-no-project. To opt-out of single project mode add/set the '"singleProjectMode": false' property in the firebase.json emulators config.
Multiple projectIds are not recommended in single project mode. Requested project ID test-project, but the emulator is configured for demo-no-project. To opt-out of single project mode add/set the '"singleProjectMode": false' property in the firebase.json emulators config.
Multiple projectIds are not recommended in single project mode. Requested project ID test-project, but the emulator is configured for demo-no-project. To opt-out of single project mode add/set the '"singleProjectMode": false' property in the firebase.json emulators config.
Multiple projectIds are not recommended in single project mode. Requested project ID test-project, but the emulator is configured for demo-no-project. To opt-out of single project mode add/set the '"singleProjectMode": false' property in the firebase.json emulators config.
Multiple projectIds are not recommended in single project mode. Requested project ID test-project, but the emulator is configured for demo-no-project. To opt-out of single project mode add/set the '"singleProjectMode": false' property in the firebase.json emulators config.
Multiple projectIds are not recommended in single project mode. Requested project ID test-project, but the emulator is configured for demo-no-project. To opt-out of single project mode add/set the '"singleProjectMode": false' property in the firebase.json emulators config.
Multiple projectIds are not recommended in single project mode. Requested project ID test-project, but the emulator is configured for demo-no-project. To opt-out of single project mode add/set the '"singleProjectMode": false' property in the firebase.json emulators config.
Multiple projectIds are not recommended in single project mode. Requested project ID test-project, but the emulator is configured for demo-no-project. To opt-out of single project mode add/set the '"singleProjectMode": false' property in the firebase.json emulators config.
Multiple projectIds are not recommended in single project mode. Requested project ID test-project, but the emulator is configured for demo-no-project. To opt-out of single project mode add/set the '"singleProjectMode": false' property in the firebase.json emulators config.
Multiple projectIds are not recommended in single project mode. Requested project ID test-project, but the emulator is configured for demo-no-project. To opt-out of single project mode add/set the '"singleProjectMode": false' property in the firebase.json emulators config.
Multiple projectIds are not recommended in single project mode. Requested project ID test-project, but the emulator is configured for demo-no-project. To opt-out of single project mode add/set the '"singleProjectMode": false' property in the firebase.json emulators config.
Multiple projectIds are not recommended in single project mode. Requested project ID test-project, but the emulator is configured for demo-no-project. To opt-out of single project mode add/set the '"singleProjectMode": false' property in the firebase.json emulators config.
Multiple projectIds are not recommended in single project mode. Requested project ID test-project, but the emulator is configured for demo-no-project. To opt-out of single project mode add/set the '"singleProjectMode": false' property in the firebase.json emulators config.
Multiple projectIds are not recommended in single project mode. Requested project ID test-project, but the emulator is configured for demo-no-project. To opt-out of single project mode add/set the '"singleProjectMode": false' property in the firebase.json emulators config.
Multiple projectIds are not recommended in single project mode. Requested project ID test-project, but the emulator is configured for demo-no-project. To opt-out of single project mode add/set the '"singleProjectMode": false' property in the firebase.json emulators config.
Multiple projectIds are not recommended in single project mode. Requested project ID test-project, but the emulator is configured for demo-no-project. To opt-out of single project mode add/set the '"singleProjectMode": false' property in the firebase.json emulators config.
Multiple projectIds are not recommended in single project mode. Requested project ID test-project, but the emulator is configured for demo-no-project. To opt-out of single project mode add/set the '"singleProjectMode": false' property in the firebase.json emulators config.
Multiple projectIds are not recommended in single project mode. Requested project ID test-project, but the emulator is configured for demo-no-project. To opt-out of single project mode add/set the '"singleProjectMode": false' property in the firebase.json emulators config.
Multiple projectIds are not recommended in single project mode. Requested project ID test-project, but the emulator is configured for demo-no-project. To opt-out of single project mode add/set the '"singleProjectMode": false' property in the firebase.json emulators config.
Multiple projectIds are not recommended in single project mode. Requested project ID test-project, but the emulator is configured for demo-no-project. To opt-out of single project mode add/set the '"singleProjectMode": false' property in the firebase.json emulators config.
Multiple projectIds are not recommended in single project mode. Requested project ID test-project, but the emulator is configured for demo-no-project. To opt-out of single project mode add/set the '"singleProjectMode": false' property in the firebase.json emulators config.
Multiple projectIds are not recommended in single project mode. Requested project ID test-project, but the emulator is configured for demo-no-project. To opt-out of single project mode add/set the '"singleProjectMode": false' property in the firebase.json emulators config.
Multiple projectIds are not recommended in single project mode. Requested project ID test-project, but the emulator is configured for demo-no-project. To opt-out of single project mode add/set the '"singleProjectMode": false' property in the firebase.json emulators config.
Multiple projectIds are not recommended in single project mode. Requested project ID test-project, but the emulator is configured for demo-no-project. To opt-out of single project mode add/set the '"singleProjectMode": false' property in the firebase.json emulators config.
Multiple projectIds are not recommended in single project mode. Requested project ID test-project, but the emulator is configured for demo-no-project. To opt-out of single project mode add/set the '"singleProjectMode": false' property in the firebase.json emulators config.
Multiple projectIds are not recommended in single project mode. Requested project ID test-project, but the emulator is configured for demo-no-project. To opt-out of single project mode add/set the '"singleProjectMode": false' property in the firebase.json emulators config.
Multiple projectIds are not recommended in single project mode. Requested project ID test-project, but the emulator is configured for demo-no-project. To opt-out of single project mode add/set the '"singleProjectMode": false' property in the firebase.json emulators config.
Multiple projectIds are not recommended in single project mode. Requested project ID test-project, but the emulator is configured for demo-no-project. To opt-out of single project mode add/set the '"singleProjectMode": false' property in the firebase.json emulators config.
Multiple projectIds are not recommended in single project mode. Requested project ID test-project, but the emulator is configured for demo-no-project. To opt-out of single project mode add/set the '"singleProjectMode": false' property in the firebase.json emulators config.
Multiple projectIds are not recommended in single project mode. Requested project ID test-project, but the emulator is configured for demo-no-project. To opt-out of single project mode add/set the '"singleProjectMode": false' property in the firebase.json emulators config.
Multiple projectIds are not recommended in single project mode. Requested project ID test-project, but the emulator is configured for demo-no-project. To opt-out of single project mode add/set the '"singleProjectMode": false' property in the firebase.json emulators config.
Multiple projectIds are not recommended in single project mode. Requested project ID test-project, but the emulator is configured for demo-no-project. To opt-out of single project mode add/set the '"singleProjectMode": false' property in the firebase.json emulators config.
May 06, 2026 12:19:19 PM io.gapi.emulators.netty.HttpVersionRoutingHandler channelRead
INFO: Detected HTTP/2 connection.
Multiple projectIds are not recommended in single project mode. Requested project ID test-project, but the emulator is configured for demo-no-project. To opt-out of single project mode add/set the '"singleProjectMode": false' property in the firebase.json emulators config.
Multiple projectIds are not recommended in single project mode. Requested project ID test-project, but the emulator is configured for demo-no-project. To opt-out of single project mode add/set the '"singleProjectMode": false' property in the firebase.json emulators config.
Multiple projectIds are not recommended in single project mode. Requested project ID test-project, but the emulator is configured for demo-no-project. To opt-out of single project mode add/set the '"singleProjectMode": false' property in the firebase.json emulators config.
Multiple projectIds are not recommended in single project mode. Requested project ID test-project, but the emulator is configured for demo-no-project. To opt-out of single project mode add/set the '"singleProjectMode": false' property in the firebase.json emulators config.
Multiple projectIds are not recommended in single project mode. Requested project ID test-project, but the emulator is configured for demo-no-project. To opt-out of single project mode add/set the '"singleProjectMode": false' property in the firebase.json emulators config.
Multiple projectIds are not recommended in single project mode. Requested project ID test-project, but the emulator is configured for demo-no-project. To opt-out of single project mode add/set the '"singleProjectMode": false' property in the firebase.json emulators config.
Multiple projectIds are not recommended in single project mode. Requested project ID test-project, but the emulator is configured for demo-no-project. To opt-out of single project mode add/set the '"singleProjectMode": false' property in the firebase.json emulators config.
Multiple projectIds are not recommended in single project mode. Requested project ID test-project, but the emulator is configured for demo-no-project. To opt-out of single project mode add/set the '"singleProjectMode": false' property in the firebase.json emulators config.
Multiple projectIds are not recommended in single project mode. Requested project ID test-project, but the emulator is configured for demo-no-project. To opt-out of single project mode add/set the '"singleProjectMode": false' property in the firebase.json emulators config.
Multiple projectIds are not recommended in single project mode. Requested project ID test-project, but the emulator is configured for demo-no-project. To opt-out of single project mode add/set the '"singleProjectMode": false' property in the firebase.json emulators config.
Multiple projectIds are not recommended in single project mode. Requested project ID test-project, but the emulator is configured for demo-no-project. To opt-out of single project mode add/set the '"singleProjectMode": false' property in the firebase.json emulators config.
Multiple projectIds are not recommended in single project mode. Requested project ID test-project, but the emulator is configured for demo-no-project. To opt-out of single project mode add/set the '"singleProjectMode": false' property in the firebase.json emulators config.
Multiple projectIds are not recommended in single project mode. Requested project ID test-project, but the emulator is configured for demo-no-project. To opt-out of single project mode add/set the '"singleProjectMode": false' property in the firebase.json emulators config.
Multiple projectIds are not recommended in single project mode. Requested project ID test-project, but the emulator is configured for demo-no-project. To opt-out of single project mode add/set the '"singleProjectMode": false' property in the firebase.json emulators config.
Multiple projectIds are not recommended in single project mode. Requested project ID test-project, but the emulator is configured for demo-no-project. To opt-out of single project mode add/set the '"singleProjectMode": false' property in the firebase.json emulators config.
Multiple projectIds are not recommended in single project mode. Requested project ID test-project, but the emulator is configured for demo-no-project. To opt-out of single project mode add/set the '"singleProjectMode": false' property in the firebase.json emulators config.
Multiple projectIds are not recommended in single project mode. Requested project ID test-project, but the emulator is configured for demo-no-project. To opt-out of single project mode add/set the '"singleProjectMode": false' property in the firebase.json emulators config.
Multiple projectIds are not recommended in single project mode. Requested project ID test-project, but the emulator is configured for demo-no-project. To opt-out of single project mode add/set the '"singleProjectMode": false' property in the firebase.json emulators config.
Multiple projectIds are not recommended in single project mode. Requested project ID test-project, but the emulator is configured for demo-no-project. To opt-out of single project mode add/set the '"singleProjectMode": false' property in the firebase.json emulators config.
Multiple projectIds are not recommended in single project mode. Requested project ID test-project, but the emulator is configured for demo-no-project. To opt-out of single project mode add/set the '"singleProjectMode": false' property in the firebase.json emulators config.
Multiple projectIds are not recommended in single project mode. Requested project ID test-project, but the emulator is configured for demo-no-project. To opt-out of single project mode add/set the '"singleProjectMode": false' property in the firebase.json emulators config.
Multiple projectIds are not recommended in single project mode. Requested project ID test-project, but the emulator is configured for demo-no-project. To opt-out of single project mode add/set the '"singleProjectMode": false' property in the firebase.json emulators config.
Multiple projectIds are not recommended in single project mode. Requested project ID test-project, but the emulator is configured for demo-no-project. To opt-out of single project mode add/set the '"singleProjectMode": false' property in the firebase.json emulators config.
Multiple projectIds are not recommended in single project mode. Requested project ID test-project, but the emulator is configured for demo-no-project. To opt-out of single project mode add/set the '"singleProjectMode": false' property in the firebase.json emulators config.
Multiple projectIds are not recommended in single project mode. Requested project ID test-project, but the emulator is configured for demo-no-project. To opt-out of single project mode add/set the '"singleProjectMode": false' property in the firebase.json emulators config.
Multiple projectIds are not recommended in single project mode. Requested project ID test-project, but the emulator is configured for demo-no-project. To opt-out of single project mode add/set the '"singleProjectMode": false' property in the firebase.json emulators config.
Multiple projectIds are not recommended in single project mode. Requested project ID test-project, but the emulator is configured for demo-no-project. To opt-out of single project mode add/set the '"singleProjectMode": false' property in the firebase.json emulators config.
Multiple projectIds are not recommended in single project mode. Requested project ID test-project, but the emulator is configured for demo-no-project. To opt-out of single project mode add/set the '"singleProjectMode": false' property in the firebase.json emulators config.
Multiple projectIds are not recommended in single project mode. Requested project ID test-project, but the emulator is configured for demo-no-project. To opt-out of single project mode add/set the '"singleProjectMode": false' property in the firebase.json emulators config.
Multiple projectIds are not recommended in single project mode. Requested project ID test-project, but the emulator is configured for demo-no-project. To opt-out of single project mode add/set the '"singleProjectMode": false' property in the firebase.json emulators config.
Multiple projectIds are not recommended in single project mode. Requested project ID test-project, but the emulator is configured for demo-no-project. To opt-out of single project mode add/set the '"singleProjectMode": false' property in the firebase.json emulators config.
Multiple projectIds are not recommended in single project mode. Requested project ID test-project, but the emulator is configured for demo-no-project. To opt-out of single project mode add/set the '"singleProjectMode": false' property in the firebase.json emulators config.
Multiple projectIds are not recommended in single project mode. Requested project ID test-project, but the emulator is configured for demo-no-project. To opt-out of single project mode add/set the '"singleProjectMode": false' property in the firebase.json emulators config.
Multiple projectIds are not recommended in single project mode. Requested project ID test-project, but the emulator is configured for demo-no-project. To opt-out of single project mode add/set the '"singleProjectMode": false' property in the firebase.json emulators config.
Multiple projectIds are not recommended in single project mode. Requested project ID test-project, but the emulator is configured for demo-no-project. To opt-out of single project mode add/set the '"singleProjectMode": false' property in the firebase.json emulators config.
Multiple projectIds are not recommended in single project mode. Requested project ID test-project, but the emulator is configured for demo-no-project. To opt-out of single project mode add/set the '"singleProjectMode": false' property in the firebase.json emulators config.
May 06, 2026 12:37:22 PM io.gapi.emulators.netty.HttpVersionRoutingHandler channelRead
INFO: Detected HTTP/2 connection.
Multiple projectIds are not recommended in single project mode. Requested project ID test-project, but the emulator is configured for demo-no-project. To opt-out of single project mode add/set the '"singleProjectMode": false' property in the firebase.json emulators config.
Multiple projectIds are not recommended in single project mode. Requested project ID test-project, but the emulator is configured for demo-no-project. To opt-out of single project mode add/set the '"singleProjectMode": false' property in the firebase.json emulators config.
Multiple projectIds are not recommended in single project mode. Requested project ID test-project, but the emulator is configured for demo-no-project. To opt-out of single project mode add/set the '"singleProjectMode": false' property in the firebase.json emulators config.
Multiple projectIds are not recommended in single project mode. Requested project ID test-project, but the emulator is configured for demo-no-project. To opt-out of single project mode add/set the '"singleProjectMode": false' property in the firebase.json emulators config.
Multiple projectIds are not recommended in single project mode. Requested project ID test-project, but the emulator is configured for demo-no-project. To opt-out of single project mode add/set the '"singleProjectMode": false' property in the firebase.json emulators config.
Multiple projectIds are not recommended in single project mode. Requested project ID test-project, but the emulator is configured for demo-no-project. To opt-out of single project mode add/set the '"singleProjectMode": false' property in the firebase.json emulators config.
Multiple projectIds are not recommended in single project mode. Requested project ID test-project, but the emulator is configured for demo-no-project. To opt-out of single project mode add/set the '"singleProjectMode": false' property in the firebase.json emulators config.
Multiple projectIds are not recommended in single project mode. Requested project ID test-project, but the emulator is configured for demo-no-project. To opt-out of single project mode add/set the '"singleProjectMode": false' property in the firebase.json emulators config.
Multiple projectIds are not recommended in single project mode. Requested project ID test-project, but the emulator is configured for demo-no-project. To opt-out of single project mode add/set the '"singleProjectMode": false' property in the firebase.json emulators config.
Multiple projectIds are not recommended in single project mode. Requested project ID test-project, but the emulator is configured for demo-no-project. To opt-out of single project mode add/set the '"singleProjectMode": false' property in the firebase.json emulators config.
Multiple projectIds are not recommended in single project mode. Requested project ID test-project, but the emulator is configured for demo-no-project. To opt-out of single project mode add/set the '"singleProjectMode": false' property in the firebase.json emulators config.
Multiple projectIds are not recommended in single project mode. Requested project ID test-project, but the emulator is configured for demo-no-project. To opt-out of single project mode add/set the '"singleProjectMode": false' property in the firebase.json emulators config.
Multiple projectIds are not recommended in single project mode. Requested project ID test-project, but the emulator is configured for demo-no-project. To opt-out of single project mode add/set the '"singleProjectMode": false' property in the firebase.json emulators config.
Multiple projectIds are not recommended in single project mode. Requested project ID test-project, but the emulator is configured for demo-no-project. To opt-out of single project mode add/set the '"singleProjectMode": false' property in the firebase.json emulators config.
Multiple projectIds are not recommended in single project mode. Requested project ID test-project, but the emulator is configured for demo-no-project. To opt-out of single project mode add/set the '"singleProjectMode": false' property in the firebase.json emulators config.
Multiple projectIds are not recommended in single project mode. Requested project ID test-project, but the emulator is configured for demo-no-project. To opt-out of single project mode add/set the '"singleProjectMode": false' property in the firebase.json emulators config.
Multiple projectIds are not recommended in single project mode. Requested project ID test-project, but the emulator is configured for demo-no-project. To opt-out of single project mode add/set the '"singleProjectMode": false' property in the firebase.json emulators config.
Multiple projectIds are not recommended in single project mode. Requested project ID test-project, but the emulator is configured for demo-no-project. To opt-out of single project mode add/set the '"singleProjectMode": false' property in the firebase.json emulators config.
Multiple projectIds are not recommended in single project mode. Requested project ID test-project, but the emulator is configured for demo-no-project. To opt-out of single project mode add/set the '"singleProjectMode": false' property in the firebase.json emulators config.
Multiple projectIds are not recommended in single project mode. Requested project ID test-project, but the emulator is configured for demo-no-project. To opt-out of single project mode add/set the '"singleProjectMode": false' property in the firebase.json emulators config.
Multiple projectIds are not recommended in single project mode. Requested project ID test-project, but the emulator is configured for demo-no-project. To opt-out of single project mode add/set the '"singleProjectMode": false' property in the firebase.json emulators config.
Multiple projectIds are not recommended in single project mode. Requested project ID test-project, but the emulator is configured for demo-no-project. To opt-out of single project mode add/set the '"singleProjectMode": false' property in the firebase.json emulators config.
Multiple projectIds are not recommended in single project mode. Requested project ID test-project, but the emulator is configured for demo-no-project. To opt-out of single project mode add/set the '"singleProjectMode": false' property in the firebase.json emulators config.
Multiple projectIds are not recommended in single project mode. Requested project ID test-project, but the emulator is configured for demo-no-project. To opt-out of single project mode add/set the '"singleProjectMode": false' property in the firebase.json emulators config.
Multiple projectIds are not recommended in single project mode. Requested project ID test-project, but the emulator is configured for demo-no-project. To opt-out of single project mode add/set the '"singleProjectMode": false' property in the firebase.json emulators config.
Multiple projectIds are not recommended in single project mode. Requested project ID test-project, but the emulator is configured for demo-no-project. To opt-out of single project mode add/set the '"singleProjectMode": false' property in the firebase.json emulators config.
Multiple projectIds are not recommended in single project mode. Requested project ID test-project, but the emulator is configured for demo-no-project. To opt-out of single project mode add/set the '"singleProjectMode": false' property in the firebase.json emulators config.
Multiple projectIds are not recommended in single project mode. Requested project ID test-project, but the emulator is configured for demo-no-project. To opt-out of single project mode add/set the '"singleProjectMode": false' property in the firebase.json emulators config.
May 06, 2026 12:37:22 PM io.gapi.emulators.netty.HttpVersionRoutingHandler channelRead
INFO: Detected HTTP/2 connection.
Multiple projectIds are not recommended in single project mode. Requested project ID test-project, but the emulator is configured for demo-no-project. To opt-out of single project mode add/set the '"singleProjectMode": false' property in the firebase.json emulators config.
Multiple projectIds are not recommended in single project mode. Requested project ID test-project, but the emulator is configured for demo-no-project. To opt-out of single project mode add/set the '"singleProjectMode": false' property in the firebase.json emulators config.
Multiple projectIds are not recommended in single project mode. Requested project ID test-project, but the emulator is configured for demo-no-project. To opt-out of single project mode add/set the '"singleProjectMode": false' property in the firebase.json emulators config.
Multiple projectIds are not recommended in single project mode. Requested project ID test-project, but the emulator is configured for demo-no-project. To opt-out of single project mode add/set the '"singleProjectMode": false' property in the firebase.json emulators config.
Multiple projectIds are not recommended in single project mode. Requested project ID test-project, but the emulator is configured for demo-no-project. To opt-out of single project mode add/set the '"singleProjectMode": false' property in the firebase.json emulators config.
Multiple projectIds are not recommended in single project mode. Requested project ID test-project, but the emulator is configured for demo-no-project. To opt-out of single project mode add/set the '"singleProjectMode": false' property in the firebase.json emulators config.
Multiple projectIds are not recommended in single project mode. Requested project ID test-project, but the emulator is configured for demo-no-project. To opt-out of single project mode add/set the '"singleProjectMode": false' property in the firebase.json emulators config.
Multiple projectIds are not recommended in single project mode. Requested project ID test-project, but the emulator is configured for demo-no-project. To opt-out of single project mode add/set the '"singleProjectMode": false' property in the firebase.json emulators config.
Multiple projectIds are not recommended in single project mode. Requested project ID test-project, but the emulator is configured for demo-no-project. To opt-out of single project mode add/set the '"singleProjectMode": false' property in the firebase.json emulators config.
Multiple projectIds are not recommended in single project mode. Requested project ID test-project, but the emulator is configured for demo-no-project. To opt-out of single project mode add/set the '"singleProjectMode": false' property in the firebase.json emulators config.
Multiple projectIds are not recommended in single project mode. Requested project ID test-project, but the emulator is configured for demo-no-project. To opt-out of single project mode add/set the '"singleProjectMode": false' property in the firebase.json emulators config.
Multiple projectIds are not recommended in single project mode. Requested project ID test-project, but the emulator is configured for demo-no-project. To opt-out of single project mode add/set the '"singleProjectMode": false' property in the firebase.json emulators config.
Multiple projectIds are not recommended in single project mode. Requested project ID test-project, but the emulator is configured for demo-no-project. To opt-out of single project mode add/set the '"singleProjectMode": false' property in the firebase.json emulators config.
Multiple projectIds are not recommended in single project mode. Requested project ID test-project, but the emulator is configured for demo-no-project. To opt-out of single project mode add/set the '"singleProjectMode": false' property in the firebase.json emulators config.
Multiple projectIds are not recommended in single project mode. Requested project ID test-project, but the emulator is configured for demo-no-project. To opt-out of single project mode add/set the '"singleProjectMode": false' property in the firebase.json emulators config.
Multiple projectIds are not recommended in single project mode. Requested project ID test-project, but the emulator is configured for demo-no-project. To opt-out of single project mode add/set the '"singleProjectMode": false' property in the firebase.json emulators config.
Multiple projectIds are not recommended in single project mode. Requested project ID test-project, but the emulator is configured for demo-no-project. To opt-out of single project mode add/set the '"singleProjectMode": false' property in the firebase.json emulators config.
Multiple projectIds are not recommended in single project mode. Requested project ID test-project, but the emulator is configured for demo-no-project. To opt-out of single project mode add/set the '"singleProjectMode": false' property in the firebase.json emulators config.
Multiple projectIds are not recommended in single project mode. Requested project ID test-project, but the emulator is configured for demo-no-project. To opt-out of single project mode add/set the '"singleProjectMode": false' property in the firebase.json emulators config.
Multiple projectIds are not recommended in single project mode. Requested project ID test-project, but the emulator is configured for demo-no-project. To opt-out of single project mode add/set the '"singleProjectMode": false' property in the firebase.json emulators config.
Multiple projectIds are not recommended in single project mode. Requested project ID test-project, but the emulator is configured for demo-no-project. To opt-out of single project mode add/set the '"singleProjectMode": false' property in the firebase.json emulators config.
Multiple projectIds are not recommended in single project mode. Requested project ID test-project, but the emulator is configured for demo-no-project. To opt-out of single project mode add/set the '"singleProjectMode": false' property in the firebase.json emulators config.
Multiple projectIds are not recommended in single project mode. Requested project ID test-project, but the emulator is configured for demo-no-project. To opt-out of single project mode add/set the '"singleProjectMode": false' property in the firebase.json emulators config.
Multiple projectIds are not recommended in single project mode. Requested project ID test-project, but the emulator is configured for demo-no-project. To opt-out of single project mode add/set the '"singleProjectMode": false' property in the firebase.json emulators config.
Multiple projectIds are not recommended in single project mode. Requested project ID test-project, but the emulator is configured for demo-no-project. To opt-out of single project mode add/set the '"singleProjectMode": false' property in the firebase.json emulators config.
Multiple projectIds are not recommended in single project mode. Requested project ID test-project, but the emulator is configured for demo-no-project. To opt-out of single project mode add/set the '"singleProjectMode": false' property in the firebase.json emulators config.
Multiple projectIds are not recommended in single project mode. Requested project ID test-project, but the emulator is configured for demo-no-project. To opt-out of single project mode add/set the '"singleProjectMode": false' property in the firebase.json emulators config.
Multiple projectIds are not recommended in single project mode. Requested project ID test-project, but the emulator is configured for demo-no-project. To opt-out of single project mode add/set the '"singleProjectMode": false' property in the firebase.json emulators config.
Multiple projectIds are not recommended in single project mode. Requested project ID test-project, but the emulator is configured for demo-no-project. To opt-out of single project mode add/set the '"singleProjectMode": false' property in the firebase.json emulators config.
Multiple projectIds are not recommended in single project mode. Requested project ID test-project, but the emulator is configured for demo-no-project. To opt-out of single project mode add/set the '"singleProjectMode": false' property in the firebase.json emulators config.
Multiple projectIds are not recommended in single project mode. Requested project ID test-project, but the emulator is configured for demo-no-project. To opt-out of single project mode add/set the '"singleProjectMode": false' property in the firebase.json emulators config.
Multiple projectIds are not recommended in single project mode. Requested project ID test-project, but the emulator is configured for demo-no-project. To opt-out of single project mode add/set the '"singleProjectMode": false' property in the firebase.json emulators config.
Multiple projectIds are not recommended in single project mode. Requested project ID test-project, but the emulator is configured for demo-no-project. To opt-out of single project mode add/set the '"singleProjectMode": false' property in the firebase.json emulators config.
Multiple projectIds are not recommended in single project mode. Requested project ID test-project, but the emulator is configured for demo-no-project. To opt-out of single project mode add/set the '"singleProjectMode": false' property in the firebase.json emulators config.
Multiple projectIds are not recommended in single project mode. Requested project ID test-project, but the emulator is configured for demo-no-project. To opt-out of single project mode add/set the '"singleProjectMode": false' property in the firebase.json emulators config.
Multiple projectIds are not recommended in single project mode. Requested project ID test-project, but the emulator is configured for demo-no-project. To opt-out of single project mode add/set the '"singleProjectMode": false' property in the firebase.json emulators config.
Multiple projectIds are not recommended in single project mode. Requested project ID test-project, but the emulator is configured for demo-no-project. To opt-out of single project mode add/set the '"singleProjectMode": false' property in the firebase.json emulators config.
Multiple projectIds are not recommended in single project mode. Requested project ID test-project, but the emulator is configured for demo-no-project. To opt-out of single project mode add/set the '"singleProjectMode": false' property in the firebase.json emulators config.
Multiple projectIds are not recommended in single project mode. Requested project ID test-project, but the emulator is configured for demo-no-project. To opt-out of single project mode add/set the '"singleProjectMode": false' property in the firebase.json emulators config.
Multiple projectIds are not recommended in single project mode. Requested project ID test-project, but the emulator is configured for demo-no-project. To opt-out of single project mode add/set the '"singleProjectMode": false' property in the firebase.json emulators config.
Multiple projectIds are not recommended in single project mode. Requested project ID test-project, but the emulator is configured for demo-no-project. To opt-out of single project mode add/set the '"singleProjectMode": false' property in the firebase.json emulators config.
Multiple projectIds are not recommended in single project mode. Requested project ID test-project, but the emulator is configured for demo-no-project. To opt-out of single project mode add/set the '"singleProjectMode": false' property in the firebase.json emulators config.
Multiple projectIds are not recommended in single project mode. Requested project ID test-project, but the emulator is configured for demo-no-project. To opt-out of single project mode add/set the '"singleProjectMode": false' property in the firebase.json emulators config.
Multiple projectIds are not recommended in single project mode. Requested project ID test-project, but the emulator is configured for demo-no-project. To opt-out of single project mode add/set the '"singleProjectMode": false' property in the firebase.json emulators config.
Multiple projectIds are not recommended in single project mode. Requested project ID test-project, but the emulator is configured for demo-no-project. To opt-out of single project mode add/set the '"singleProjectMode": false' property in the firebase.json emulators config.
Multiple projectIds are not recommended in single project mode. Requested project ID test-project, but the emulator is configured for demo-no-project. To opt-out of single project mode add/set the '"singleProjectMode": false' property in the firebase.json emulators config.
Multiple projectIds are not recommended in single project mode. Requested project ID test-project, but the emulator is configured for demo-no-project. To opt-out of single project mode add/set the '"singleProjectMode": false' property in the firebase.json emulators config.
Multiple projectIds are not recommended in single project mode. Requested project ID test-project, but the emulator is configured for demo-no-project. To opt-out of single project mode add/set the '"singleProjectMode": false' property in the firebase.json emulators config.
Multiple projectIds are not recommended in single project mode. Requested project ID test-project, but the emulator is configured for demo-no-project. To opt-out of single project mode add/set the '"singleProjectMode": false' property in the firebase.json emulators config.
Multiple projectIds are not recommended in single project mode. Requested project ID test-project, but the emulator is configured for demo-no-project. To opt-out of single project mode add/set the '"singleProjectMode": false' property in the firebase.json emulators config.
Multiple projectIds are not recommended in single project mode. Requested project ID test-project, but the emulator is configured for demo-no-project. To opt-out of single project mode add/set the '"singleProjectMode": false' property in the firebase.json emulators config.
Multiple projectIds are not recommended in single project mode. Requested project ID test-project, but the emulator is configured for demo-no-project. To opt-out of single project mode add/set the '"singleProjectMode": false' property in the firebase.json emulators config.
Multiple projectIds are not recommended in single project mode. Requested project ID test-project, but the emulator is configured for demo-no-project. To opt-out of single project mode add/set the '"singleProjectMode": false' property in the firebase.json emulators config.
Multiple projectIds are not recommended in single project mode. Requested project ID test-project, but the emulator is configured for demo-no-project. To opt-out of single project mode add/set the '"singleProjectMode": false' property in the firebase.json emulators config.
May 06, 2026 12:37:23 PM io.gapi.emulators.netty.HttpVersionRoutingHandler channelRead
INFO: Detected HTTP/2 connection.
Multiple projectIds are not recommended in single project mode. Requested project ID test-project, but the emulator is configured for demo-no-project. To opt-out of single project mode add/set the '"singleProjectMode": false' property in the firebase.json emulators config.
Multiple projectIds are not recommended in single project mode. Requested project ID test-project, but the emulator is configured for demo-no-project. To opt-out of single project mode add/set the '"singleProjectMode": false' property in the firebase.json emulators config.
Multiple projectIds are not recommended in single project mode. Requested project ID test-project, but the emulator is configured for demo-no-project. To opt-out of single project mode add/set the '"singleProjectMode": false' property in the firebase.json emulators config.
Multiple projectIds are not recommended in single project mode. Requested project ID test-project, but the emulator is configured for demo-no-project. To opt-out of single project mode add/set the '"singleProjectMode": false' property in the firebase.json emulators config.
Multiple projectIds are not recommended in single project mode. Requested project ID test-project, but the emulator is configured for demo-no-project. To opt-out of single project mode add/set the '"singleProjectMode": false' property in the firebase.json emulators config.
Multiple projectIds are not recommended in single project mode. Requested project ID test-project, but the emulator is configured for demo-no-project. To opt-out of single project mode add/set the '"singleProjectMode": false' property in the firebase.json emulators config.
Multiple projectIds are not recommended in single project mode. Requested project ID test-project, but the emulator is configured for demo-no-project. To opt-out of single project mode add/set the '"singleProjectMode": false' property in the firebase.json emulators config.
Multiple projectIds are not recommended in single project mode. Requested project ID test-project, but the emulator is configured for demo-no-project. To opt-out of single project mode add/set the '"singleProjectMode": false' property in the firebase.json emulators config.
Multiple projectIds are not recommended in single project mode. Requested project ID test-project, but the emulator is configured for demo-no-project. To opt-out of single project mode add/set the '"singleProjectMode": false' property in the firebase.json emulators config.
Multiple projectIds are not recommended in single project mode. Requested project ID test-project, but the emulator is configured for demo-no-project. To opt-out of single project mode add/set the '"singleProjectMode": false' property in the firebase.json emulators config.
Multiple projectIds are not recommended in single project mode. Requested project ID test-project, but the emulator is configured for demo-no-project. To opt-out of single project mode add/set the '"singleProjectMode": false' property in the firebase.json emulators config.
Multiple projectIds are not recommended in single project mode. Requested project ID test-project, but the emulator is configured for demo-no-project. To opt-out of single project mode add/set the '"singleProjectMode": false' property in the firebase.json emulators config.
Multiple projectIds are not recommended in single project mode. Requested project ID test-project, but the emulator is configured for demo-no-project. To opt-out of single project mode add/set the '"singleProjectMode": false' property in the firebase.json emulators config.
Multiple projectIds are not recommended in single project mode. Requested project ID test-project, but the emulator is configured for demo-no-project. To opt-out of single project mode add/set the '"singleProjectMode": false' property in the firebase.json emulators config.
Multiple projectIds are not recommended in single project mode. Requested project ID test-project, but the emulator is configured for demo-no-project. To opt-out of single project mode add/set the '"singleProjectMode": false' property in the firebase.json emulators config.
Multiple projectIds are not recommended in single project mode. Requested project ID test-project, but the emulator is configured for demo-no-project. To opt-out of single project mode add/set the '"singleProjectMode": false' property in the firebase.json emulators config.
Multiple projectIds are not recommended in single project mode. Requested project ID test-project, but the emulator is configured for demo-no-project. To opt-out of single project mode add/set the '"singleProjectMode": false' property in the firebase.json emulators config.
Multiple projectIds are not recommended in single project mode. Requested project ID test-project, but the emulator is configured for demo-no-project. To opt-out of single project mode add/set the '"singleProjectMode": false' property in the firebase.json emulators config.
May 06, 2026 12:37:26 PM io.gapi.emulators.netty.HttpVersionRoutingHandler channelRead
INFO: Detected HTTP/2 connection.
Multiple projectIds are not recommended in single project mode. Requested project ID test-project, but the emulator is configured for demo-no-project. To opt-out of single project mode add/set the '"singleProjectMode": false' property in the firebase.json emulators config.
Multiple projectIds are not recommended in single project mode. Requested project ID test-project, but the emulator is configured for demo-no-project. To opt-out of single project mode add/set the '"singleProjectMode": false' property in the firebase.json emulators config.
Multiple projectIds are not recommended in single project mode. Requested project ID test-project, but the emulator is configured for demo-no-project. To opt-out of single project mode add/set the '"singleProjectMode": false' property in the firebase.json emulators config.
Multiple projectIds are not recommended in single project mode. Requested project ID test-project, but the emulator is configured for demo-no-project. To opt-out of single project mode add/set the '"singleProjectMode": false' property in the firebase.json emulators config.
Multiple projectIds are not recommended in single project mode. Requested project ID test-project, but the emulator is configured for demo-no-project. To opt-out of single project mode add/set the '"singleProjectMode": false' property in the firebase.json emulators config.
Multiple projectIds are not recommended in single project mode. Requested project ID test-project, but the emulator is configured for demo-no-project. To opt-out of single project mode add/set the '"singleProjectMode": false' property in the firebase.json emulators config.
Multiple projectIds are not recommended in single project mode. Requested project ID test-project, but the emulator is configured for demo-no-project. To opt-out of single project mode add/set the '"singleProjectMode": false' property in the firebase.json emulators config.
Multiple projectIds are not recommended in single project mode. Requested project ID test-project, but the emulator is configured for demo-no-project. To opt-out of single project mode add/set the '"singleProjectMode": false' property in the firebase.json emulators config.
Multiple projectIds are not recommended in single project mode. Requested project ID test-project, but the emulator is configured for demo-no-project. To opt-out of single project mode add/set the '"singleProjectMode": false' property in the firebase.json emulators config.
Multiple projectIds are not recommended in single project mode. Requested project ID test-project, but the emulator is configured for demo-no-project. To opt-out of single project mode add/set the '"singleProjectMode": false' property in the firebase.json emulators config.
Multiple projectIds are not recommended in single project mode. Requested project ID test-project, but the emulator is configured for demo-no-project. To opt-out of single project mode add/set the '"singleProjectMode": false' property in the firebase.json emulators config.
Multiple projectIds are not recommended in single project mode. Requested project ID test-project, but the emulator is configured for demo-no-project. To opt-out of single project mode add/set the '"singleProjectMode": false' property in the firebase.json emulators config.
Multiple projectIds are not recommended in single project mode. Requested project ID test-project, but the emulator is configured for demo-no-project. To opt-out of single project mode add/set the '"singleProjectMode": false' property in the firebase.json emulators config.
Multiple projectIds are not recommended in single project mode. Requested project ID test-project, but the emulator is configured for demo-no-project. To opt-out of single project mode add/set the '"singleProjectMode": false' property in the firebase.json emulators config.
Multiple projectIds are not recommended in single project mode. Requested project ID test-project, but the emulator is configured for demo-no-project. To opt-out of single project mode add/set the '"singleProjectMode": false' property in the firebase.json emulators config.
Multiple projectIds are not recommended in single project mode. Requested project ID test-project, but the emulator is configured for demo-no-project. To opt-out of single project mode add/set the '"singleProjectMode": false' property in the firebase.json emulators config.
Multiple projectIds are not recommended in single project mode. Requested project ID test-project, but the emulator is configured for demo-no-project. To opt-out of single project mode add/set the '"singleProjectMode": false' property in the firebase.json emulators config.
Multiple projectIds are not recommended in single project mode. Requested project ID test-project, but the emulator is configured for demo-no-project. To opt-out of single project mode add/set the '"singleProjectMode": false' property in the firebase.json emulators config.
Multiple projectIds are not recommended in single project mode. Requested project ID test-project, but the emulator is configured for demo-no-project. To opt-out of single project mode add/set the '"singleProjectMode": false' property in the firebase.json emulators config.
Multiple projectIds are not recommended in single project mode. Requested project ID test-project, but the emulator is configured for demo-no-project. To opt-out of single project mode add/set the '"singleProjectMode": false' property in the firebase.json emulators config.
Multiple projectIds are not recommended in single project mode. Requested project ID test-project, but the emulator is configured for demo-no-project. To opt-out of single project mode add/set the '"singleProjectMode": false' property in the firebase.json emulators config.
Multiple projectIds are not recommended in single project mode. Requested project ID test-project, but the emulator is configured for demo-no-project. To opt-out of single project mode add/set the '"singleProjectMode": false' property in the firebase.json emulators config.
Multiple projectIds are not recommended in single project mode. Requested project ID test-project, but the emulator is configured for demo-no-project. To opt-out of single project mode add/set the '"singleProjectMode": false' property in the firebase.json emulators config.
Multiple projectIds are not recommended in single project mode. Requested project ID test-project, but the emulator is configured for demo-no-project. To opt-out of single project mode add/set the '"singleProjectMode": false' property in the firebase.json emulators config.
May 06, 2026 12:37:29 PM io.gapi.emulators.netty.HttpVersionRoutingHandler channelRead
INFO: Detected HTTP/2 connection.
Multiple projectIds are not recommended in single project mode. Requested project ID test-project, but the emulator is configured for demo-no-project. To opt-out of single project mode add/set the '"singleProjectMode": false' property in the firebase.json emulators config.
Multiple projectIds are not recommended in single project mode. Requested project ID test-project, but the emulator is configured for demo-no-project. To opt-out of single project mode add/set the '"singleProjectMode": false' property in the firebase.json emulators config.
Multiple projectIds are not recommended in single project mode. Requested project ID test-project, but the emulator is configured for demo-no-project. To opt-out of single project mode add/set the '"singleProjectMode": false' property in the firebase.json emulators config.
Multiple projectIds are not recommended in single project mode. Requested project ID test-project, but the emulator is configured for demo-no-project. To opt-out of single project mode add/set the '"singleProjectMode": false' property in the firebase.json emulators config.
Multiple projectIds are not recommended in single project mode. Requested project ID test-project, but the emulator is configured for demo-no-project. To opt-out of single project mode add/set the '"singleProjectMode": false' property in the firebase.json emulators config.
Multiple projectIds are not recommended in single project mode. Requested project ID test-project, but the emulator is configured for demo-no-project. To opt-out of single project mode add/set the '"singleProjectMode": false' property in the firebase.json emulators config.
Multiple projectIds are not recommended in single project mode. Requested project ID test-project, but the emulator is configured for demo-no-project. To opt-out of single project mode add/set the '"singleProjectMode": false' property in the firebase.json emulators config.
Multiple projectIds are not recommended in single project mode. Requested project ID test-project, but the emulator is configured for demo-no-project. To opt-out of single project mode add/set the '"singleProjectMode": false' property in the firebase.json emulators config.
Multiple projectIds are not recommended in single project mode. Requested project ID test-project, but the emulator is configured for demo-no-project. To opt-out of single project mode add/set the '"singleProjectMode": false' property in the firebase.json emulators config.
Multiple projectIds are not recommended in single project mode. Requested project ID test-project, but the emulator is configured for demo-no-project. To opt-out of single project mode add/set the '"singleProjectMode": false' property in the firebase.json emulators config.
Multiple projectIds are not recommended in single project mode. Requested project ID test-project, but the emulator is configured for demo-no-project. To opt-out of single project mode add/set the '"singleProjectMode": false' property in the firebase.json emulators config.
Multiple projectIds are not recommended in single project mode. Requested project ID test-project, but the emulator is configured for demo-no-project. To opt-out of single project mode add/set the '"singleProjectMode": false' property in the firebase.json emulators config.
Multiple projectIds are not recommended in single project mode. Requested project ID test-project, but the emulator is configured for demo-no-project. To opt-out of single project mode add/set the '"singleProjectMode": false' property in the firebase.json emulators config.
Multiple projectIds are not recommended in single project mode. Requested project ID test-project, but the emulator is configured for demo-no-project. To opt-out of single project mode add/set the '"singleProjectMode": false' property in the firebase.json emulators config.
Multiple projectIds are not recommended in single project mode. Requested project ID test-project, but the emulator is configured for demo-no-project. To opt-out of single project mode add/set the '"singleProjectMode": false' property in the firebase.json emulators config.
Multiple projectIds are not recommended in single project mode. Requested project ID test-project, but the emulator is configured for demo-no-project. To opt-out of single project mode add/set the '"singleProjectMode": false' property in the firebase.json emulators config.
May 06, 2026 12:37:29 PM io.gapi.emulators.netty.HttpVersionRoutingHandler channelRead
INFO: Detected HTTP/2 connection.
Multiple projectIds are not recommended in single project mode. Requested project ID test-project, but the emulator is configured for demo-no-project. To opt-out of single project mode add/set the '"singleProjectMode": false' property in the firebase.json emulators config.
Multiple projectIds are not recommended in single project mode. Requested project ID test-project, but the emulator is configured for demo-no-project. To opt-out of single project mode add/set the '"singleProjectMode": false' property in the firebase.json emulators config.
Multiple projectIds are not recommended in single project mode. Requested project ID test-project, but the emulator is configured for demo-no-project. To opt-out of single project mode add/set the '"singleProjectMode": false' property in the firebase.json emulators config.
Multiple projectIds are not recommended in single project mode. Requested project ID test-project, but the emulator is configured for demo-no-project. To opt-out of single project mode add/set the '"singleProjectMode": false' property in the firebase.json emulators config.
Multiple projectIds are not recommended in single project mode. Requested project ID test-project, but the emulator is configured for demo-no-project. To opt-out of single project mode add/set the '"singleProjectMode": false' property in the firebase.json emulators config.
Multiple projectIds are not recommended in single project mode. Requested project ID test-project, but the emulator is configured for demo-no-project. To opt-out of single project mode add/set the '"singleProjectMode": false' property in the firebase.json emulators config.
Multiple projectIds are not recommended in single project mode. Requested project ID test-project, but the emulator is configured for demo-no-project. To opt-out of single project mode add/set the '"singleProjectMode": false' property in the firebase.json emulators config.
Multiple projectIds are not recommended in single project mode. Requested project ID test-project, but the emulator is configured for demo-no-project. To opt-out of single project mode add/set the '"singleProjectMode": false' property in the firebase.json emulators config.
Multiple projectIds are not recommended in single project mode. Requested project ID test-project, but the emulator is configured for demo-no-project. To opt-out of single project mode add/set the '"singleProjectMode": false' property in the firebase.json emulators config.
Multiple projectIds are not recommended in single project mode. Requested project ID test-project, but the emulator is configured for demo-no-project. To opt-out of single project mode add/set the '"singleProjectMode": false' property in the firebase.json emulators config.
May 06, 2026 12:37:29 PM io.gapi.emulators.netty.HttpVersionRoutingHandler channelRead
INFO: Detected HTTP/2 connection.
Multiple projectIds are not recommended in single project mode. Requested project ID test-project, but the emulator is configured for demo-no-project. To opt-out of single project mode add/set the '"singleProjectMode": false' property in the firebase.json emulators config.
Multiple projectIds are not recommended in single project mode. Requested project ID test-project, but the emulator is configured for demo-no-project. To opt-out of single project mode add/set the '"singleProjectMode": false' property in the firebase.json emulators config.
Multiple projectIds are not recommended in single project mode. Requested project ID test-project, but the emulator is configured for demo-no-project. To opt-out of single project mode add/set the '"singleProjectMode": false' property in the firebase.json emulators config.
Multiple projectIds are not recommended in single project mode. Requested project ID test-project, but the emulator is configured for demo-no-project. To opt-out of single project mode add/set the '"singleProjectMode": false' property in the firebase.json emulators config.
Multiple projectIds are not recommended in single project mode. Requested project ID test-project, but the emulator is configured for demo-no-project. To opt-out of single project mode add/set the '"singleProjectMode": false' property in the firebase.json emulators config.
Multiple projectIds are not recommended in single project mode. Requested project ID test-project, but the emulator is configured for demo-no-project. To opt-out of single project mode add/set the '"singleProjectMode": false' property in the firebase.json emulators config.
May 06, 2026 12:46:14 PM io.gapi.emulators.netty.HttpVersionRoutingHandler channelRead
INFO: Detected HTTP/2 connection.
Multiple projectIds are not recommended in single project mode. Requested project ID test-project, but the emulator is configured for demo-no-project. To opt-out of single project mode add/set the '"singleProjectMode": false' property in the firebase.json emulators config.
Multiple projectIds are not recommended in single project mode. Requested project ID test-project, but the emulator is configured for demo-no-project. To opt-out of single project mode add/set the '"singleProjectMode": false' property in the firebase.json emulators config.
Multiple projectIds are not recommended in single project mode. Requested project ID test-project, but the emulator is configured for demo-no-project. To opt-out of single project mode add/set the '"singleProjectMode": false' property in the firebase.json emulators config.
Multiple projectIds are not recommended in single project mode. Requested project ID test-project, but the emulator is configured for demo-no-project. To opt-out of single project mode add/set the '"singleProjectMode": false' property in the firebase.json emulators config.
Multiple projectIds are not recommended in single project mode. Requested project ID test-project, but the emulator is configured for demo-no-project. To opt-out of single project mode add/set the '"singleProjectMode": false' property in the firebase.json emulators config.
Multiple projectIds are not recommended in single project mode. Requested project ID test-project, but the emulator is configured for demo-no-project. To opt-out of single project mode add/set the '"singleProjectMode": false' property in the firebase.json emulators config.
Multiple projectIds are not recommended in single project mode. Requested project ID test-project, but the emulator is configured for demo-no-project. To opt-out of single project mode add/set the '"singleProjectMode": false' property in the firebase.json emulators config.
Multiple projectIds are not recommended in single project mode. Requested project ID test-project, but the emulator is configured for demo-no-project. To opt-out of single project mode add/set the '"singleProjectMode": false' property in the firebase.json emulators config.
Multiple projectIds are not recommended in single project mode. Requested project ID test-project, but the emulator is configured for demo-no-project. To opt-out of single project mode add/set the '"singleProjectMode": false' property in the firebase.json emulators config.
Multiple projectIds are not recommended in single project mode. Requested project ID test-project, but the emulator is configured for demo-no-project. To opt-out of single project mode add/set the '"singleProjectMode": false' property in the firebase.json emulators config.
Multiple projectIds are not recommended in single project mode. Requested project ID test-project, but the emulator is configured for demo-no-project. To opt-out of single project mode add/set the '"singleProjectMode": false' property in the firebase.json emulators config.
Multiple projectIds are not recommended in single project mode. Requested project ID test-project, but the emulator is configured for demo-no-project. To opt-out of single project mode add/set the '"singleProjectMode": false' property in the firebase.json emulators config.
Multiple projectIds are not recommended in single project mode. Requested project ID test-project, but the emulator is configured for demo-no-project. To opt-out of single project mode add/set the '"singleProjectMode": false' property in the firebase.json emulators config.
Multiple projectIds are not recommended in single project mode. Requested project ID test-project, but the emulator is configured for demo-no-project. To opt-out of single project mode add/set the '"singleProjectMode": false' property in the firebase.json emulators config.
Multiple projectIds are not recommended in single project mode. Requested project ID test-project, but the emulator is configured for demo-no-project. To opt-out of single project mode add/set the '"singleProjectMode": false' property in the firebase.json emulators config.
Multiple projectIds are not recommended in single project mode. Requested project ID test-project, but the emulator is configured for demo-no-project. To opt-out of single project mode add/set the '"singleProjectMode": false' property in the firebase.json emulators config.
Multiple projectIds are not recommended in single project mode. Requested project ID test-project, but the emulator is configured for demo-no-project. To opt-out of single project mode add/set the '"singleProjectMode": false' property in the firebase.json emulators config.
Multiple projectIds are not recommended in single project mode. Requested project ID test-project, but the emulator is configured for demo-no-project. To opt-out of single project mode add/set the '"singleProjectMode": false' property in the firebase.json emulators config.
Multiple projectIds are not recommended in single project mode. Requested project ID test-project, but the emulator is configured for demo-no-project. To opt-out of single project mode add/set the '"singleProjectMode": false' property in the firebase.json emulators config.
Multiple projectIds are not recommended in single project mode. Requested project ID test-project, but the emulator is configured for demo-no-project. To opt-out of single project mode add/set the '"singleProjectMode": false' property in the firebase.json emulators config.
Multiple projectIds are not recommended in single project mode. Requested project ID test-project, but the emulator is configured for demo-no-project. To opt-out of single project mode add/set the '"singleProjectMode": false' property in the firebase.json emulators config.
Multiple projectIds are not recommended in single project mode. Requested project ID test-project, but the emulator is configured for demo-no-project. To opt-out of single project mode add/set the '"singleProjectMode": false' property in the firebase.json emulators config.
Multiple projectIds are not recommended in single project mode. Requested project ID test-project, but the emulator is configured for demo-no-project. To opt-out of single project mode add/set the '"singleProjectMode": false' property in the firebase.json emulators config.
Multiple projectIds are not recommended in single project mode. Requested project ID test-project, but the emulator is configured for demo-no-project. To opt-out of single project mode add/set the '"singleProjectMode": false' property in the firebase.json emulators config.
Multiple projectIds are not recommended in single project mode. Requested project ID test-project, but the emulator is configured for demo-no-project. To opt-out of single project mode add/set the '"singleProjectMode": false' property in the firebase.json emulators config.
Multiple projectIds are not recommended in single project mode. Requested project ID test-project, but the emulator is configured for demo-no-project. To opt-out of single project mode add/set the '"singleProjectMode": false' property in the firebase.json emulators config.
Multiple projectIds are not recommended in single project mode. Requested project ID test-project, but the emulator is configured for demo-no-project. To opt-out of single project mode add/set the '"singleProjectMode": false' property in the firebase.json emulators config.
Multiple projectIds are not recommended in single project mode. Requested project ID test-project, but the emulator is configured for demo-no-project. To opt-out of single project mode add/set the '"singleProjectMode": false' property in the firebase.json emulators config.
Multiple projectIds are not recommended in single project mode. Requested project ID test-project, but the emulator is configured for demo-no-project. To opt-out of single project mode add/set the '"singleProjectMode": false' property in the firebase.json emulators config.
Multiple projectIds are not recommended in single project mode. Requested project ID test-project, but the emulator is configured for demo-no-project. To opt-out of single project mode add/set the '"singleProjectMode": false' property in the firebase.json emulators config.
Multiple projectIds are not recommended in single project mode. Requested project ID test-project, but the emulator is configured for demo-no-project. To opt-out of single project mode add/set the '"singleProjectMode": false' property in the firebase.json emulators config.
Multiple projectIds are not recommended in single project mode. Requested project ID test-project, but the emulator is configured for demo-no-project. To opt-out of single project mode add/set the '"singleProjectMode": false' property in the firebase.json emulators config.
May 06, 2026 12:46:15 PM io.gapi.emulators.netty.HttpVersionRoutingHandler channelRead
INFO: Detected HTTP/2 connection.
Multiple projectIds are not recommended in single project mode. Requested project ID test-project, but the emulator is configured for demo-no-project. To opt-out of single project mode add/set the '"singleProjectMode": false' property in the firebase.json emulators config.
Multiple projectIds are not recommended in single project mode. Requested project ID test-project, but the emulator is configured for demo-no-project. To opt-out of single project mode add/set the '"singleProjectMode": false' property in the firebase.json emulators config.
Multiple projectIds are not recommended in single project mode. Requested project ID test-project, but the emulator is configured for demo-no-project. To opt-out of single project mode add/set the '"singleProjectMode": false' property in the firebase.json emulators config.
Multiple projectIds are not recommended in single project mode. Requested project ID test-project, but the emulator is configured for demo-no-project. To opt-out of single project mode add/set the '"singleProjectMode": false' property in the firebase.json emulators config.
Multiple projectIds are not recommended in single project mode. Requested project ID test-project, but the emulator is configured for demo-no-project. To opt-out of single project mode add/set the '"singleProjectMode": false' property in the firebase.json emulators config.
Multiple projectIds are not recommended in single project mode. Requested project ID test-project, but the emulator is configured for demo-no-project. To opt-out of single project mode add/set the '"singleProjectMode": false' property in the firebase.json emulators config.
Multiple projectIds are not recommended in single project mode. Requested project ID test-project, but the emulator is configured for demo-no-project. To opt-out of single project mode add/set the '"singleProjectMode": false' property in the firebase.json emulators config.
Multiple projectIds are not recommended in single project mode. Requested project ID test-project, but the emulator is configured for demo-no-project. To opt-out of single project mode add/set the '"singleProjectMode": false' property in the firebase.json emulators config.
Multiple projectIds are not recommended in single project mode. Requested project ID test-project, but the emulator is configured for demo-no-project. To opt-out of single project mode add/set the '"singleProjectMode": false' property in the firebase.json emulators config.
Multiple projectIds are not recommended in single project mode. Requested project ID test-project, but the emulator is configured for demo-no-project. To opt-out of single project mode add/set the '"singleProjectMode": false' property in the firebase.json emulators config.
Multiple projectIds are not recommended in single project mode. Requested project ID test-project, but the emulator is configured for demo-no-project. To opt-out of single project mode add/set the '"singleProjectMode": false' property in the firebase.json emulators config.
Multiple projectIds are not recommended in single project mode. Requested project ID test-project, but the emulator is configured for demo-no-project. To opt-out of single project mode add/set the '"singleProjectMode": false' property in the firebase.json emulators config.
Multiple projectIds are not recommended in single project mode. Requested project ID test-project, but the emulator is configured for demo-no-project. To opt-out of single project mode add/set the '"singleProjectMode": false' property in the firebase.json emulators config.
Multiple projectIds are not recommended in single project mode. Requested project ID test-project, but the emulator is configured for demo-no-project. To opt-out of single project mode add/set the '"singleProjectMode": false' property in the firebase.json emulators config.
Multiple projectIds are not recommended in single project mode. Requested project ID test-project, but the emulator is configured for demo-no-project. To opt-out of single project mode add/set the '"singleProjectMode": false' property in the firebase.json emulators config.
Multiple projectIds are not recommended in single project mode. Requested project ID test-project, but the emulator is configured for demo-no-project. To opt-out of single project mode add/set the '"singleProjectMode": false' property in the firebase.json emulators config.
Multiple projectIds are not recommended in single project mode. Requested project ID test-project, but the emulator is configured for demo-no-project. To opt-out of single project mode add/set the '"singleProjectMode": false' property in the firebase.json emulators config.
Multiple projectIds are not recommended in single project mode. Requested project ID test-project, but the emulator is configured for demo-no-project. To opt-out of single project mode add/set the '"singleProjectMode": false' property in the firebase.json emulators config.
Multiple projectIds are not recommended in single project mode. Requested project ID test-project, but the emulator is configured for demo-no-project. To opt-out of single project mode add/set the '"singleProjectMode": false' property in the firebase.json emulators config.
Multiple projectIds are not recommended in single project mode. Requested project ID test-project, but the emulator is configured for demo-no-project. To opt-out of single project mode add/set the '"singleProjectMode": false' property in the firebase.json emulators config.
Multiple projectIds are not recommended in single project mode. Requested project ID test-project, but the emulator is configured for demo-no-project. To opt-out of single project mode add/set the '"singleProjectMode": false' property in the firebase.json emulators config.
Multiple projectIds are not recommended in single project mode. Requested project ID test-project, but the emulator is configured for demo-no-project. To opt-out of single project mode add/set the '"singleProjectMode": false' property in the firebase.json emulators config.
Multiple projectIds are not recommended in single project mode. Requested project ID test-project, but the emulator is configured for demo-no-project. To opt-out of single project mode add/set the '"singleProjectMode": false' property in the firebase.json emulators config.
Multiple projectIds are not recommended in single project mode. Requested project ID test-project, but the emulator is configured for demo-no-project. To opt-out of single project mode add/set the '"singleProjectMode": false' property in the firebase.json emulators config.
Multiple projectIds are not recommended in single project mode. Requested project ID test-project, but the emulator is configured for demo-no-project. To opt-out of single project mode add/set the '"singleProjectMode": false' property in the firebase.json emulators config.
Multiple projectIds are not recommended in single project mode. Requested project ID test-project, but the emulator is configured for demo-no-project. To opt-out of single project mode add/set the '"singleProjectMode": false' property in the firebase.json emulators config.
Multiple projectIds are not recommended in single project mode. Requested project ID test-project, but the emulator is configured for demo-no-project. To opt-out of single project mode add/set the '"singleProjectMode": false' property in the firebase.json emulators config.
Multiple projectIds are not recommended in single project mode. Requested project ID test-project, but the emulator is configured for demo-no-project. To opt-out of single project mode add/set the '"singleProjectMode": false' property in the firebase.json emulators config.
Multiple projectIds are not recommended in single project mode. Requested project ID test-project, but the emulator is configured for demo-no-project. To opt-out of single project mode add/set the '"singleProjectMode": false' property in the firebase.json emulators config.
Multiple projectIds are not recommended in single project mode. Requested project ID test-project, but the emulator is configured for demo-no-project. To opt-out of single project mode add/set the '"singleProjectMode": false' property in the firebase.json emulators config.
Multiple projectIds are not recommended in single project mode. Requested project ID test-project, but the emulator is configured for demo-no-project. To opt-out of single project mode add/set the '"singleProjectMode": false' property in the firebase.json emulators config.
Multiple projectIds are not recommended in single project mode. Requested project ID test-project, but the emulator is configured for demo-no-project. To opt-out of single project mode add/set the '"singleProjectMode": false' property in the firebase.json emulators config.
Multiple projectIds are not recommended in single project mode. Requested project ID test-project, but the emulator is configured for demo-no-project. To opt-out of single project mode add/set the '"singleProjectMode": false' property in the firebase.json emulators config.
Multiple projectIds are not recommended in single project mode. Requested project ID test-project, but the emulator is configured for demo-no-project. To opt-out of single project mode add/set the '"singleProjectMode": false' property in the firebase.json emulators config.
Multiple projectIds are not recommended in single project mode. Requested project ID test-project, but the emulator is configured for demo-no-project. To opt-out of single project mode add/set the '"singleProjectMode": false' property in the firebase.json emulators config.
Multiple projectIds are not recommended in single project mode. Requested project ID test-project, but the emulator is configured for demo-no-project. To opt-out of single project mode add/set the '"singleProjectMode": false' property in the firebase.json emulators config.
Multiple projectIds are not recommended in single project mode. Requested project ID test-project, but the emulator is configured for demo-no-project. To opt-out of single project mode add/set the '"singleProjectMode": false' property in the firebase.json emulators config.
Multiple projectIds are not recommended in single project mode. Requested project ID test-project, but the emulator is configured for demo-no-project. To opt-out of single project mode add/set the '"singleProjectMode": false' property in the firebase.json emulators config.
Multiple projectIds are not recommended in single project mode. Requested project ID test-project, but the emulator is configured for demo-no-project. To opt-out of single project mode add/set the '"singleProjectMode": false' property in the firebase.json emulators config.
Multiple projectIds are not recommended in single project mode. Requested project ID test-project, but the emulator is configured for demo-no-project. To opt-out of single project mode add/set the '"singleProjectMode": false' property in the firebase.json emulators config.
Multiple projectIds are not recommended in single project mode. Requested project ID test-project, but the emulator is configured for demo-no-project. To opt-out of single project mode add/set the '"singleProjectMode": false' property in the firebase.json emulators config.
Multiple projectIds are not recommended in single project mode. Requested project ID test-project, but the emulator is configured for demo-no-project. To opt-out of single project mode add/set the '"singleProjectMode": false' property in the firebase.json emulators config.
Multiple projectIds are not recommended in single project mode. Requested project ID test-project, but the emulator is configured for demo-no-project. To opt-out of single project mode add/set the '"singleProjectMode": false' property in the firebase.json emulators config.
Multiple projectIds are not recommended in single project mode. Requested project ID test-project, but the emulator is configured for demo-no-project. To opt-out of single project mode add/set the '"singleProjectMode": false' property in the firebase.json emulators config.
Multiple projectIds are not recommended in single project mode. Requested project ID test-project, but the emulator is configured for demo-no-project. To opt-out of single project mode add/set the '"singleProjectMode": false' property in the firebase.json emulators config.
Multiple projectIds are not recommended in single project mode. Requested project ID test-project, but the emulator is configured for demo-no-project. To opt-out of single project mode add/set the '"singleProjectMode": false' property in the firebase.json emulators config.
Multiple projectIds are not recommended in single project mode. Requested project ID test-project, but the emulator is configured for demo-no-project. To opt-out of single project mode add/set the '"singleProjectMode": false' property in the firebase.json emulators config.
Multiple projectIds are not recommended in single project mode. Requested project ID test-project, but the emulator is configured for demo-no-project. To opt-out of single project mode add/set the '"singleProjectMode": false' property in the firebase.json emulators config.
Multiple projectIds are not recommended in single project mode. Requested project ID test-project, but the emulator is configured for demo-no-project. To opt-out of single project mode add/set the '"singleProjectMode": false' property in the firebase.json emulators config.
Multiple projectIds are not recommended in single project mode. Requested project ID test-project, but the emulator is configured for demo-no-project. To opt-out of single project mode add/set the '"singleProjectMode": false' property in the firebase.json emulators config.
Multiple projectIds are not recommended in single project mode. Requested project ID test-project, but the emulator is configured for demo-no-project. To opt-out of single project mode add/set the '"singleProjectMode": false' property in the firebase.json emulators config.
Multiple projectIds are not recommended in single project mode. Requested project ID test-project, but the emulator is configured for demo-no-project. To opt-out of single project mode add/set the '"singleProjectMode": false' property in the firebase.json emulators config.
Multiple projectIds are not recommended in single project mode. Requested project ID test-project, but the emulator is configured for demo-no-project. To opt-out of single project mode add/set the '"singleProjectMode": false' property in the firebase.json emulators config.
Multiple projectIds are not recommended in single project mode. Requested project ID test-project, but the emulator is configured for demo-no-project. To opt-out of single project mode add/set the '"singleProjectMode": false' property in the firebase.json emulators config.
May 06, 2026 12:46:15 PM io.gapi.emulators.netty.HttpVersionRoutingHandler channelRead
INFO: Detected HTTP/2 connection.
Multiple projectIds are not recommended in single project mode. Requested project ID test-project, but the emulator is configured for demo-no-project. To opt-out of single project mode add/set the '"singleProjectMode": false' property in the firebase.json emulators config.
Multiple projectIds are not recommended in single project mode. Requested project ID test-project, but the emulator is configured for demo-no-project. To opt-out of single project mode add/set the '"singleProjectMode": false' property in the firebase.json emulators config.
Multiple projectIds are not recommended in single project mode. Requested project ID test-project, but the emulator is configured for demo-no-project. To opt-out of single project mode add/set the '"singleProjectMode": false' property in the firebase.json emulators config.
Multiple projectIds are not recommended in single project mode. Requested project ID test-project, but the emulator is configured for demo-no-project. To opt-out of single project mode add/set the '"singleProjectMode": false' property in the firebase.json emulators config.
Multiple projectIds are not recommended in single project mode. Requested project ID test-project, but the emulator is configured for demo-no-project. To opt-out of single project mode add/set the '"singleProjectMode": false' property in the firebase.json emulators config.
Multiple projectIds are not recommended in single project mode. Requested project ID test-project, but the emulator is configured for demo-no-project. To opt-out of single project mode add/set the '"singleProjectMode": false' property in the firebase.json emulators config.
Multiple projectIds are not recommended in single project mode. Requested project ID test-project, but the emulator is configured for demo-no-project. To opt-out of single project mode add/set the '"singleProjectMode": false' property in the firebase.json emulators config.
Multiple projectIds are not recommended in single project mode. Requested project ID test-project, but the emulator is configured for demo-no-project. To opt-out of single project mode add/set the '"singleProjectMode": false' property in the firebase.json emulators config.
Multiple projectIds are not recommended in single project mode. Requested project ID test-project, but the emulator is configured for demo-no-project. To opt-out of single project mode add/set the '"singleProjectMode": false' property in the firebase.json emulators config.
Multiple projectIds are not recommended in single project mode. Requested project ID test-project, but the emulator is configured for demo-no-project. To opt-out of single project mode add/set the '"singleProjectMode": false' property in the firebase.json emulators config.
Multiple projectIds are not recommended in single project mode. Requested project ID test-project, but the emulator is configured for demo-no-project. To opt-out of single project mode add/set the '"singleProjectMode": false' property in the firebase.json emulators config.
Multiple projectIds are not recommended in single project mode. Requested project ID test-project, but the emulator is configured for demo-no-project. To opt-out of single project mode add/set the '"singleProjectMode": false' property in the firebase.json emulators config.
Multiple projectIds are not recommended in single project mode. Requested project ID test-project, but the emulator is configured for demo-no-project. To opt-out of single project mode add/set the '"singleProjectMode": false' property in the firebase.json emulators config.
Multiple projectIds are not recommended in single project mode. Requested project ID test-project, but the emulator is configured for demo-no-project. To opt-out of single project mode add/set the '"singleProjectMode": false' property in the firebase.json emulators config.
Multiple projectIds are not recommended in single project mode. Requested project ID test-project, but the emulator is configured for demo-no-project. To opt-out of single project mode add/set the '"singleProjectMode": false' property in the firebase.json emulators config.
Multiple projectIds are not recommended in single project mode. Requested project ID test-project, but the emulator is configured for demo-no-project. To opt-out of single project mode add/set the '"singleProjectMode": false' property in the firebase.json emulators config.
Multiple projectIds are not recommended in single project mode. Requested project ID test-project, but the emulator is configured for demo-no-project. To opt-out of single project mode add/set the '"singleProjectMode": false' property in the firebase.json emulators config.
Multiple projectIds are not recommended in single project mode. Requested project ID test-project, but the emulator is configured for demo-no-project. To opt-out of single project mode add/set the '"singleProjectMode": false' property in the firebase.json emulators config.
May 06, 2026 12:46:19 PM io.gapi.emulators.netty.HttpVersionRoutingHandler channelRead
INFO: Detected HTTP/2 connection.
Multiple projectIds are not recommended in single project mode. Requested project ID test-project, but the emulator is configured for demo-no-project. To opt-out of single project mode add/set the '"singleProjectMode": false' property in the firebase.json emulators config.
Multiple projectIds are not recommended in single project mode. Requested project ID test-project, but the emulator is configured for demo-no-project. To opt-out of single project mode add/set the '"singleProjectMode": false' property in the firebase.json emulators config.
Multiple projectIds are not recommended in single project mode. Requested project ID test-project, but the emulator is configured for demo-no-project. To opt-out of single project mode add/set the '"singleProjectMode": false' property in the firebase.json emulators config.
Multiple projectIds are not recommended in single project mode. Requested project ID test-project, but the emulator is configured for demo-no-project. To opt-out of single project mode add/set the '"singleProjectMode": false' property in the firebase.json emulators config.
Multiple projectIds are not recommended in single project mode. Requested project ID test-project, but the emulator is configured for demo-no-project. To opt-out of single project mode add/set the '"singleProjectMode": false' property in the firebase.json emulators config.
Multiple projectIds are not recommended in single project mode. Requested project ID test-project, but the emulator is configured for demo-no-project. To opt-out of single project mode add/set the '"singleProjectMode": false' property in the firebase.json emulators config.
Multiple projectIds are not recommended in single project mode. Requested project ID test-project, but the emulator is configured for demo-no-project. To opt-out of single project mode add/set the '"singleProjectMode": false' property in the firebase.json emulators config.
Multiple projectIds are not recommended in single project mode. Requested project ID test-project, but the emulator is configured for demo-no-project. To opt-out of single project mode add/set the '"singleProjectMode": false' property in the firebase.json emulators config.
Multiple projectIds are not recommended in single project mode. Requested project ID test-project, but the emulator is configured for demo-no-project. To opt-out of single project mode add/set the '"singleProjectMode": false' property in the firebase.json emulators config.
Multiple projectIds are not recommended in single project mode. Requested project ID test-project, but the emulator is configured for demo-no-project. To opt-out of single project mode add/set the '"singleProjectMode": false' property in the firebase.json emulators config.
Multiple projectIds are not recommended in single project mode. Requested project ID test-project, but the emulator is configured for demo-no-project. To opt-out of single project mode add/set the '"singleProjectMode": false' property in the firebase.json emulators config.
Multiple projectIds are not recommended in single project mode. Requested project ID test-project, but the emulator is configured for demo-no-project. To opt-out of single project mode add/set the '"singleProjectMode": false' property in the firebase.json emulators config.
Multiple projectIds are not recommended in single project mode. Requested project ID test-project, but the emulator is configured for demo-no-project. To opt-out of single project mode add/set the '"singleProjectMode": false' property in the firebase.json emulators config.
Multiple projectIds are not recommended in single project mode. Requested project ID test-project, but the emulator is configured for demo-no-project. To opt-out of single project mode add/set the '"singleProjectMode": false' property in the firebase.json emulators config.
Multiple projectIds are not recommended in single project mode. Requested project ID test-project, but the emulator is configured for demo-no-project. To opt-out of single project mode add/set the '"singleProjectMode": false' property in the firebase.json emulators config.
Multiple projectIds are not recommended in single project mode. Requested project ID test-project, but the emulator is configured for demo-no-project. To opt-out of single project mode add/set the '"singleProjectMode": false' property in the firebase.json emulators config.
Multiple projectIds are not recommended in single project mode. Requested project ID test-project, but the emulator is configured for demo-no-project. To opt-out of single project mode add/set the '"singleProjectMode": false' property in the firebase.json emulators config.
Multiple projectIds are not recommended in single project mode. Requested project ID test-project, but the emulator is configured for demo-no-project. To opt-out of single project mode add/set the '"singleProjectMode": false' property in the firebase.json emulators config.
Multiple projectIds are not recommended in single project mode. Requested project ID test-project, but the emulator is configured for demo-no-project. To opt-out of single project mode add/set the '"singleProjectMode": false' property in the firebase.json emulators config.
Multiple projectIds are not recommended in single project mode. Requested project ID test-project, but the emulator is configured for demo-no-project. To opt-out of single project mode add/set the '"singleProjectMode": false' property in the firebase.json emulators config.
Multiple projectIds are not recommended in single project mode. Requested project ID test-project, but the emulator is configured for demo-no-project. To opt-out of single project mode add/set the '"singleProjectMode": false' property in the firebase.json emulators config.
Multiple projectIds are not recommended in single project mode. Requested project ID test-project, but the emulator is configured for demo-no-project. To opt-out of single project mode add/set the '"singleProjectMode": false' property in the firebase.json emulators config.
Multiple projectIds are not recommended in single project mode. Requested project ID test-project, but the emulator is configured for demo-no-project. To opt-out of single project mode add/set the '"singleProjectMode": false' property in the firebase.json emulators config.
Multiple projectIds are not recommended in single project mode. Requested project ID test-project, but the emulator is configured for demo-no-project. To opt-out of single project mode add/set the '"singleProjectMode": false' property in the firebase.json emulators config.
May 06, 2026 12:46:21 PM io.gapi.emulators.netty.HttpVersionRoutingHandler channelRead
INFO: Detected HTTP/2 connection.
Multiple projectIds are not recommended in single project mode. Requested project ID test-project, but the emulator is configured for demo-no-project. To opt-out of single project mode add/set the '"singleProjectMode": false' property in the firebase.json emulators config.
Multiple projectIds are not recommended in single project mode. Requested project ID test-project, but the emulator is configured for demo-no-project. To opt-out of single project mode add/set the '"singleProjectMode": false' property in the firebase.json emulators config.
Multiple projectIds are not recommended in single project mode. Requested project ID test-project, but the emulator is configured for demo-no-project. To opt-out of single project mode add/set the '"singleProjectMode": false' property in the firebase.json emulators config.
Multiple projectIds are not recommended in single project mode. Requested project ID test-project, but the emulator is configured for demo-no-project. To opt-out of single project mode add/set the '"singleProjectMode": false' property in the firebase.json emulators config.
Multiple projectIds are not recommended in single project mode. Requested project ID test-project, but the emulator is configured for demo-no-project. To opt-out of single project mode add/set the '"singleProjectMode": false' property in the firebase.json emulators config.
Multiple projectIds are not recommended in single project mode. Requested project ID test-project, but the emulator is configured for demo-no-project. To opt-out of single project mode add/set the '"singleProjectMode": false' property in the firebase.json emulators config.
Multiple projectIds are not recommended in single project mode. Requested project ID test-project, but the emulator is configured for demo-no-project. To opt-out of single project mode add/set the '"singleProjectMode": false' property in the firebase.json emulators config.
Multiple projectIds are not recommended in single project mode. Requested project ID test-project, but the emulator is configured for demo-no-project. To opt-out of single project mode add/set the '"singleProjectMode": false' property in the firebase.json emulators config.
Multiple projectIds are not recommended in single project mode. Requested project ID test-project, but the emulator is configured for demo-no-project. To opt-out of single project mode add/set the '"singleProjectMode": false' property in the firebase.json emulators config.
Multiple projectIds are not recommended in single project mode. Requested project ID test-project, but the emulator is configured for demo-no-project. To opt-out of single project mode add/set the '"singleProjectMode": false' property in the firebase.json emulators config.
Multiple projectIds are not recommended in single project mode. Requested project ID test-project, but the emulator is configured for demo-no-project. To opt-out of single project mode add/set the '"singleProjectMode": false' property in the firebase.json emulators config.
Multiple projectIds are not recommended in single project mode. Requested project ID test-project, but the emulator is configured for demo-no-project. To opt-out of single project mode add/set the '"singleProjectMode": false' property in the firebase.json emulators config.
Multiple projectIds are not recommended in single project mode. Requested project ID test-project, but the emulator is configured for demo-no-project. To opt-out of single project mode add/set the '"singleProjectMode": false' property in the firebase.json emulators config.
Multiple projectIds are not recommended in single project mode. Requested project ID test-project, but the emulator is configured for demo-no-project. To opt-out of single project mode add/set the '"singleProjectMode": false' property in the firebase.json emulators config.
Multiple projectIds are not recommended in single project mode. Requested project ID test-project, but the emulator is configured for demo-no-project. To opt-out of single project mode add/set the '"singleProjectMode": false' property in the firebase.json emulators config.
Multiple projectIds are not recommended in single project mode. Requested project ID test-project, but the emulator is configured for demo-no-project. To opt-out of single project mode add/set the '"singleProjectMode": false' property in the firebase.json emulators config.
May 06, 2026 12:46:21 PM io.gapi.emulators.netty.HttpVersionRoutingHandler channelRead
INFO: Detected HTTP/2 connection.
Multiple projectIds are not recommended in single project mode. Requested project ID test-project, but the emulator is configured for demo-no-project. To opt-out of single project mode add/set the '"singleProjectMode": false' property in the firebase.json emulators config.
Multiple projectIds are not recommended in single project mode. Requested project ID test-project, but the emulator is configured for demo-no-project. To opt-out of single project mode add/set the '"singleProjectMode": false' property in the firebase.json emulators config.
Multiple projectIds are not recommended in single project mode. Requested project ID test-project, but the emulator is configured for demo-no-project. To opt-out of single project mode add/set the '"singleProjectMode": false' property in the firebase.json emulators config.
Multiple projectIds are not recommended in single project mode. Requested project ID test-project, but the emulator is configured for demo-no-project. To opt-out of single project mode add/set the '"singleProjectMode": false' property in the firebase.json emulators config.
Multiple projectIds are not recommended in single project mode. Requested project ID test-project, but the emulator is configured for demo-no-project. To opt-out of single project mode add/set the '"singleProjectMode": false' property in the firebase.json emulators config.
Multiple projectIds are not recommended in single project mode. Requested project ID test-project, but the emulator is configured for demo-no-project. To opt-out of single project mode add/set the '"singleProjectMode": false' property in the firebase.json emulators config.
Multiple projectIds are not recommended in single project mode. Requested project ID test-project, but the emulator is configured for demo-no-project. To opt-out of single project mode add/set the '"singleProjectMode": false' property in the firebase.json emulators config.
Multiple projectIds are not recommended in single project mode. Requested project ID test-project, but the emulator is configured for demo-no-project. To opt-out of single project mode add/set the '"singleProjectMode": false' property in the firebase.json emulators config.
Multiple projectIds are not recommended in single project mode. Requested project ID test-project, but the emulator is configured for demo-no-project. To opt-out of single project mode add/set the '"singleProjectMode": false' property in the firebase.json emulators config.
Multiple projectIds are not recommended in single project mode. Requested project ID test-project, but the emulator is configured for demo-no-project. To opt-out of single project mode add/set the '"singleProjectMode": false' property in the firebase.json emulators config.
May 06, 2026 12:46:22 PM io.gapi.emulators.netty.HttpVersionRoutingHandler channelRead
INFO: Detected HTTP/2 connection.
Multiple projectIds are not recommended in single project mode. Requested project ID test-project, but the emulator is configured for demo-no-project. To opt-out of single project mode add/set the '"singleProjectMode": false' property in the firebase.json emulators config.
Multiple projectIds are not recommended in single project mode. Requested project ID test-project, but the emulator is configured for demo-no-project. To opt-out of single project mode add/set the '"singleProjectMode": false' property in the firebase.json emulators config.
Multiple projectIds are not recommended in single project mode. Requested project ID test-project, but the emulator is configured for demo-no-project. To opt-out of single project mode add/set the '"singleProjectMode": false' property in the firebase.json emulators config.
Multiple projectIds are not recommended in single project mode. Requested project ID test-project, but the emulator is configured for demo-no-project. To opt-out of single project mode add/set the '"singleProjectMode": false' property in the firebase.json emulators config.
Multiple projectIds are not recommended in single project mode. Requested project ID test-project, but the emulator is configured for demo-no-project. To opt-out of single project mode add/set the '"singleProjectMode": false' property in the firebase.json emulators config.
Multiple projectIds are not recommended in single project mode. Requested project ID test-project, but the emulator is configured for demo-no-project. To opt-out of single project mode add/set the '"singleProjectMode": false' property in the firebase.json emulators config.
May 06, 2026 2:20:21 PM io.gapi.emulators.netty.HttpVersionRoutingHandler channelRead
INFO: Detected HTTP/2 connection.
Multiple projectIds are not recommended in single project mode. Requested project ID test-project, but the emulator is configured for demo-no-project. To opt-out of single project mode add/set the '"singleProjectMode": false' property in the firebase.json emulators config.
Multiple projectIds are not recommended in single project mode. Requested project ID test-project, but the emulator is configured for demo-no-project. To opt-out of single project mode add/set the '"singleProjectMode": false' property in the firebase.json emulators config.
Multiple projectIds are not recommended in single project mode. Requested project ID test-project, but the emulator is configured for demo-no-project. To opt-out of single project mode add/set the '"singleProjectMode": false' property in the firebase.json emulators config.
Multiple projectIds are not recommended in single project mode. Requested project ID test-project, but the emulator is configured for demo-no-project. To opt-out of single project mode add/set the '"singleProjectMode": false' property in the firebase.json emulators config.
Multiple projectIds are not recommended in single project mode. Requested project ID test-project, but the emulator is configured for demo-no-project. To opt-out of single project mode add/set the '"singleProjectMode": false' property in the firebase.json emulators config.
Multiple projectIds are not recommended in single project mode. Requested project ID test-project, but the emulator is configured for demo-no-project. To opt-out of single project mode add/set the '"singleProjectMode": false' property in the firebase.json emulators config.
Multiple projectIds are not recommended in single project mode. Requested project ID test-project, but the emulator is configured for demo-no-project. To opt-out of single project mode add/set the '"singleProjectMode": false' property in the firebase.json emulators config.
Multiple projectIds are not recommended in single project mode. Requested project ID test-project, but the emulator is configured for demo-no-project. To opt-out of single project mode add/set the '"singleProjectMode": false' property in the firebase.json emulators config.
Multiple projectIds are not recommended in single project mode. Requested project ID test-project, but the emulator is configured for demo-no-project. To opt-out of single project mode add/set the '"singleProjectMode": false' property in the firebase.json emulators config.
Multiple projectIds are not recommended in single project mode. Requested project ID test-project, but the emulator is configured for demo-no-project. To opt-out of single project mode add/set the '"singleProjectMode": false' property in the firebase.json emulators config.
Multiple projectIds are not recommended in single project mode. Requested project ID test-project, but the emulator is configured for demo-no-project. To opt-out of single project mode add/set the '"singleProjectMode": false' property in the firebase.json emulators config.
Multiple projectIds are not recommended in single project mode. Requested project ID test-project, but the emulator is configured for demo-no-project. To opt-out of single project mode add/set the '"singleProjectMode": false' property in the firebase.json emulators config.
Multiple projectIds are not recommended in single project mode. Requested project ID test-project, but the emulator is configured for demo-no-project. To opt-out of single project mode add/set the '"singleProjectMode": false' property in the firebase.json emulators config.
Multiple projectIds are not recommended in single project mode. Requested project ID test-project, but the emulator is configured for demo-no-project. To opt-out of single project mode add/set the '"singleProjectMode": false' property in the firebase.json emulators config.
Multiple projectIds are not recommended in single project mode. Requested project ID test-project, but the emulator is configured for demo-no-project. To opt-out of single project mode add/set the '"singleProjectMode": false' property in the firebase.json emulators config.
Multiple projectIds are not recommended in single project mode. Requested project ID test-project, but the emulator is configured for demo-no-project. To opt-out of single project mode add/set the '"singleProjectMode": false' property in the firebase.json emulators config.
Multiple projectIds are not recommended in single project mode. Requested project ID test-project, but the emulator is configured for demo-no-project. To opt-out of single project mode add/set the '"singleProjectMode": false' property in the firebase.json emulators config.
Multiple projectIds are not recommended in single project mode. Requested project ID test-project, but the emulator is configured for demo-no-project. To opt-out of single project mode add/set the '"singleProjectMode": false' property in the firebase.json emulators config.
Multiple projectIds are not recommended in single project mode. Requested project ID test-project, but the emulator is configured for demo-no-project. To opt-out of single project mode add/set the '"singleProjectMode": false' property in the firebase.json emulators config.
Multiple projectIds are not recommended in single project mode. Requested project ID test-project, but the emulator is configured for demo-no-project. To opt-out of single project mode add/set the '"singleProjectMode": false' property in the firebase.json emulators config.
Multiple projectIds are not recommended in single project mode. Requested project ID test-project, but the emulator is configured for demo-no-project. To opt-out of single project mode add/set the '"singleProjectMode": false' property in the firebase.json emulators config.
Multiple projectIds are not recommended in single project mode. Requested project ID test-project, but the emulator is configured for demo-no-project. To opt-out of single project mode add/set the '"singleProjectMode": false' property in the firebase.json emulators config.
Multiple projectIds are not recommended in single project mode. Requested project ID test-project, but the emulator is configured for demo-no-project. To opt-out of single project mode add/set the '"singleProjectMode": false' property in the firebase.json emulators config.
Multiple projectIds are not recommended in single project mode. Requested project ID test-project, but the emulator is configured for demo-no-project. To opt-out of single project mode add/set the '"singleProjectMode": false' property in the firebase.json emulators config.
Multiple projectIds are not recommended in single project mode. Requested project ID test-project, but the emulator is configured for demo-no-project. To opt-out of single project mode add/set the '"singleProjectMode": false' property in the firebase.json emulators config.
Multiple projectIds are not recommended in single project mode. Requested project ID test-project, but the emulator is configured for demo-no-project. To opt-out of single project mode add/set the '"singleProjectMode": false' property in the firebase.json emulators config.
Multiple projectIds are not recommended in single project mode. Requested project ID test-project, but the emulator is configured for demo-no-project. To opt-out of single project mode add/set the '"singleProjectMode": false' property in the firebase.json emulators config.
Multiple projectIds are not recommended in single project mode. Requested project ID test-project, but the emulator is configured for demo-no-project. To opt-out of single project mode add/set the '"singleProjectMode": false' property in the firebase.json emulators config.
Multiple projectIds are not recommended in single project mode. Requested project ID test-project, but the emulator is configured for demo-no-project. To opt-out of single project mode add/set the '"singleProjectMode": false' property in the firebase.json emulators config.
Multiple projectIds are not recommended in single project mode. Requested project ID test-project, but the emulator is configured for demo-no-project. To opt-out of single project mode add/set the '"singleProjectMode": false' property in the firebase.json emulators config.
Multiple projectIds are not recommended in single project mode. Requested project ID test-project, but the emulator is configured for demo-no-project. To opt-out of single project mode add/set the '"singleProjectMode": false' property in the firebase.json emulators config.
Multiple projectIds are not recommended in single project mode. Requested project ID test-project, but the emulator is configured for demo-no-project. To opt-out of single project mode add/set the '"singleProjectMode": false' property in the firebase.json emulators config.
May 06, 2026 2:20:22 PM io.gapi.emulators.netty.HttpVersionRoutingHandler channelRead
INFO: Detected HTTP/2 connection.
Multiple projectIds are not recommended in single project mode. Requested project ID test-project, but the emulator is configured for demo-no-project. To opt-out of single project mode add/set the '"singleProjectMode": false' property in the firebase.json emulators config.
Multiple projectIds are not recommended in single project mode. Requested project ID test-project, but the emulator is configured for demo-no-project. To opt-out of single project mode add/set the '"singleProjectMode": false' property in the firebase.json emulators config.
Multiple projectIds are not recommended in single project mode. Requested project ID test-project, but the emulator is configured for demo-no-project. To opt-out of single project mode add/set the '"singleProjectMode": false' property in the firebase.json emulators config.
Multiple projectIds are not recommended in single project mode. Requested project ID test-project, but the emulator is configured for demo-no-project. To opt-out of single project mode add/set the '"singleProjectMode": false' property in the firebase.json emulators config.
Multiple projectIds are not recommended in single project mode. Requested project ID test-project, but the emulator is configured for demo-no-project. To opt-out of single project mode add/set the '"singleProjectMode": false' property in the firebase.json emulators config.
Multiple projectIds are not recommended in single project mode. Requested project ID test-project, but the emulator is configured for demo-no-project. To opt-out of single project mode add/set the '"singleProjectMode": false' property in the firebase.json emulators config.
Multiple projectIds are not recommended in single project mode. Requested project ID test-project, but the emulator is configured for demo-no-project. To opt-out of single project mode add/set the '"singleProjectMode": false' property in the firebase.json emulators config.
Multiple projectIds are not recommended in single project mode. Requested project ID test-project, but the emulator is configured for demo-no-project. To opt-out of single project mode add/set the '"singleProjectMode": false' property in the firebase.json emulators config.
Multiple projectIds are not recommended in single project mode. Requested project ID test-project, but the emulator is configured for demo-no-project. To opt-out of single project mode add/set the '"singleProjectMode": false' property in the firebase.json emulators config.
Multiple projectIds are not recommended in single project mode. Requested project ID test-project, but the emulator is configured for demo-no-project. To opt-out of single project mode add/set the '"singleProjectMode": false' property in the firebase.json emulators config.
Multiple projectIds are not recommended in single project mode. Requested project ID test-project, but the emulator is configured for demo-no-project. To opt-out of single project mode add/set the '"singleProjectMode": false' property in the firebase.json emulators config.
Multiple projectIds are not recommended in single project mode. Requested project ID test-project, but the emulator is configured for demo-no-project. To opt-out of single project mode add/set the '"singleProjectMode": false' property in the firebase.json emulators config.
Multiple projectIds are not recommended in single project mode. Requested project ID test-project, but the emulator is configured for demo-no-project. To opt-out of single project mode add/set the '"singleProjectMode": false' property in the firebase.json emulators config.
Multiple projectIds are not recommended in single project mode. Requested project ID test-project, but the emulator is configured for demo-no-project. To opt-out of single project mode add/set the '"singleProjectMode": false' property in the firebase.json emulators config.
Multiple projectIds are not recommended in single project mode. Requested project ID test-project, but the emulator is configured for demo-no-project. To opt-out of single project mode add/set the '"singleProjectMode": false' property in the firebase.json emulators config.
Multiple projectIds are not recommended in single project mode. Requested project ID test-project, but the emulator is configured for demo-no-project. To opt-out of single project mode add/set the '"singleProjectMode": false' property in the firebase.json emulators config.
Multiple projectIds are not recommended in single project mode. Requested project ID test-project, but the emulator is configured for demo-no-project. To opt-out of single project mode add/set the '"singleProjectMode": false' property in the firebase.json emulators config.
Multiple projectIds are not recommended in single project mode. Requested project ID test-project, but the emulator is configured for demo-no-project. To opt-out of single project mode add/set the '"singleProjectMode": false' property in the firebase.json emulators config.
Multiple projectIds are not recommended in single project mode. Requested project ID test-project, but the emulator is configured for demo-no-project. To opt-out of single project mode add/set the '"singleProjectMode": false' property in the firebase.json emulators config.
Multiple projectIds are not recommended in single project mode. Requested project ID test-project, but the emulator is configured for demo-no-project. To opt-out of single project mode add/set the '"singleProjectMode": false' property in the firebase.json emulators config.
Multiple projectIds are not recommended in single project mode. Requested project ID test-project, but the emulator is configured for demo-no-project. To opt-out of single project mode add/set the '"singleProjectMode": false' property in the firebase.json emulators config.
Multiple projectIds are not recommended in single project mode. Requested project ID test-project, but the emulator is configured for demo-no-project. To opt-out of single project mode add/set the '"singleProjectMode": false' property in the firebase.json emulators config.
Multiple projectIds are not recommended in single project mode. Requested project ID test-project, but the emulator is configured for demo-no-project. To opt-out of single project mode add/set the '"singleProjectMode": false' property in the firebase.json emulators config.
Multiple projectIds are not recommended in single project mode. Requested project ID test-project, but the emulator is configured for demo-no-project. To opt-out of single project mode add/set the '"singleProjectMode": false' property in the firebase.json emulators config.
Multiple projectIds are not recommended in single project mode. Requested project ID test-project, but the emulator is configured for demo-no-project. To opt-out of single project mode add/set the '"singleProjectMode": false' property in the firebase.json emulators config.
Multiple projectIds are not recommended in single project mode. Requested project ID test-project, but the emulator is configured for demo-no-project. To opt-out of single project mode add/set the '"singleProjectMode": false' property in the firebase.json emulators config.
Multiple projectIds are not recommended in single project mode. Requested project ID test-project, but the emulator is configured for demo-no-project. To opt-out of single project mode add/set the '"singleProjectMode": false' property in the firebase.json emulators config.
Multiple projectIds are not recommended in single project mode. Requested project ID test-project, but the emulator is configured for demo-no-project. To opt-out of single project mode add/set the '"singleProjectMode": false' property in the firebase.json emulators config.
Multiple projectIds are not recommended in single project mode. Requested project ID test-project, but the emulator is configured for demo-no-project. To opt-out of single project mode add/set the '"singleProjectMode": false' property in the firebase.json emulators config.
Multiple projectIds are not recommended in single project mode. Requested project ID test-project, but the emulator is configured for demo-no-project. To opt-out of single project mode add/set the '"singleProjectMode": false' property in the firebase.json emulators config.
Multiple projectIds are not recommended in single project mode. Requested project ID test-project, but the emulator is configured for demo-no-project. To opt-out of single project mode add/set the '"singleProjectMode": false' property in the firebase.json emulators config.
Multiple projectIds are not recommended in single project mode. Requested project ID test-project, but the emulator is configured for demo-no-project. To opt-out of single project mode add/set the '"singleProjectMode": false' property in the firebase.json emulators config.
Multiple projectIds are not recommended in single project mode. Requested project ID test-project, but the emulator is configured for demo-no-project. To opt-out of single project mode add/set the '"singleProjectMode": false' property in the firebase.json emulators config.
Multiple projectIds are not recommended in single project mode. Requested project ID test-project, but the emulator is configured for demo-no-project. To opt-out of single project mode add/set the '"singleProjectMode": false' property in the firebase.json emulators config.
Multiple projectIds are not recommended in single project mode. Requested project ID test-project, but the emulator is configured for demo-no-project. To opt-out of single project mode add/set the '"singleProjectMode": false' property in the firebase.json emulators config.
Multiple projectIds are not recommended in single project mode. Requested project ID test-project, but the emulator is configured for demo-no-project. To opt-out of single project mode add/set the '"singleProjectMode": false' property in the firebase.json emulators config.
Multiple projectIds are not recommended in single project mode. Requested project ID test-project, but the emulator is configured for demo-no-project. To opt-out of single project mode add/set the '"singleProjectMode": false' property in the firebase.json emulators config.
Multiple projectIds are not recommended in single project mode. Requested project ID test-project, but the emulator is configured for demo-no-project. To opt-out of single project mode add/set the '"singleProjectMode": false' property in the firebase.json emulators config.
Multiple projectIds are not recommended in single project mode. Requested project ID test-project, but the emulator is configured for demo-no-project. To opt-out of single project mode add/set the '"singleProjectMode": false' property in the firebase.json emulators config.
Multiple projectIds are not recommended in single project mode. Requested project ID test-project, but the emulator is configured for demo-no-project. To opt-out of single project mode add/set the '"singleProjectMode": false' property in the firebase.json emulators config.
Multiple projectIds are not recommended in single project mode. Requested project ID test-project, but the emulator is configured for demo-no-project. To opt-out of single project mode add/set the '"singleProjectMode": false' property in the firebase.json emulators config.
Multiple projectIds are not recommended in single project mode. Requested project ID test-project, but the emulator is configured for demo-no-project. To opt-out of single project mode add/set the '"singleProjectMode": false' property in the firebase.json emulators config.
Multiple projectIds are not recommended in single project mode. Requested project ID test-project, but the emulator is configured for demo-no-project. To opt-out of single project mode add/set the '"singleProjectMode": false' property in the firebase.json emulators config.
Multiple projectIds are not recommended in single project mode. Requested project ID test-project, but the emulator is configured for demo-no-project. To opt-out of single project mode add/set the '"singleProjectMode": false' property in the firebase.json emulators config.
Multiple projectIds are not recommended in single project mode. Requested project ID test-project, but the emulator is configured for demo-no-project. To opt-out of single project mode add/set the '"singleProjectMode": false' property in the firebase.json emulators config.
Multiple projectIds are not recommended in single project mode. Requested project ID test-project, but the emulator is configured for demo-no-project. To opt-out of single project mode add/set the '"singleProjectMode": false' property in the firebase.json emulators config.
Multiple projectIds are not recommended in single project mode. Requested project ID test-project, but the emulator is configured for demo-no-project. To opt-out of single project mode add/set the '"singleProjectMode": false' property in the firebase.json emulators config.
Multiple projectIds are not recommended in single project mode. Requested project ID test-project, but the emulator is configured for demo-no-project. To opt-out of single project mode add/set the '"singleProjectMode": false' property in the firebase.json emulators config.
Multiple projectIds are not recommended in single project mode. Requested project ID test-project, but the emulator is configured for demo-no-project. To opt-out of single project mode add/set the '"singleProjectMode": false' property in the firebase.json emulators config.
Multiple projectIds are not recommended in single project mode. Requested project ID test-project, but the emulator is configured for demo-no-project. To opt-out of single project mode add/set the '"singleProjectMode": false' property in the firebase.json emulators config.
Multiple projectIds are not recommended in single project mode. Requested project ID test-project, but the emulator is configured for demo-no-project. To opt-out of single project mode add/set the '"singleProjectMode": false' property in the firebase.json emulators config.
Multiple projectIds are not recommended in single project mode. Requested project ID test-project, but the emulator is configured for demo-no-project. To opt-out of single project mode add/set the '"singleProjectMode": false' property in the firebase.json emulators config.
Multiple projectIds are not recommended in single project mode. Requested project ID test-project, but the emulator is configured for demo-no-project. To opt-out of single project mode add/set the '"singleProjectMode": false' property in the firebase.json emulators config.
Multiple projectIds are not recommended in single project mode. Requested project ID test-project, but the emulator is configured for demo-no-project. To opt-out of single project mode add/set the '"singleProjectMode": false' property in the firebase.json emulators config.
May 06, 2026 2:20:23 PM io.gapi.emulators.netty.HttpVersionRoutingHandler channelRead
INFO: Detected HTTP/2 connection.
Multiple projectIds are not recommended in single project mode. Requested project ID test-project, but the emulator is configured for demo-no-project. To opt-out of single project mode add/set the '"singleProjectMode": false' property in the firebase.json emulators config.
Multiple projectIds are not recommended in single project mode. Requested project ID test-project, but the emulator is configured for demo-no-project. To opt-out of single project mode add/set the '"singleProjectMode": false' property in the firebase.json emulators config.
Multiple projectIds are not recommended in single project mode. Requested project ID test-project, but the emulator is configured for demo-no-project. To opt-out of single project mode add/set the '"singleProjectMode": false' property in the firebase.json emulators config.
Multiple projectIds are not recommended in single project mode. Requested project ID test-project, but the emulator is configured for demo-no-project. To opt-out of single project mode add/set the '"singleProjectMode": false' property in the firebase.json emulators config.
Multiple projectIds are not recommended in single project mode. Requested project ID test-project, but the emulator is configured for demo-no-project. To opt-out of single project mode add/set the '"singleProjectMode": false' property in the firebase.json emulators config.
Multiple projectIds are not recommended in single project mode. Requested project ID test-project, but the emulator is configured for demo-no-project. To opt-out of single project mode add/set the '"singleProjectMode": false' property in the firebase.json emulators config.
Multiple projectIds are not recommended in single project mode. Requested project ID test-project, but the emulator is configured for demo-no-project. To opt-out of single project mode add/set the '"singleProjectMode": false' property in the firebase.json emulators config.
Multiple projectIds are not recommended in single project mode. Requested project ID test-project, but the emulator is configured for demo-no-project. To opt-out of single project mode add/set the '"singleProjectMode": false' property in the firebase.json emulators config.
Multiple projectIds are not recommended in single project mode. Requested project ID test-project, but the emulator is configured for demo-no-project. To opt-out of single project mode add/set the '"singleProjectMode": false' property in the firebase.json emulators config.
Multiple projectIds are not recommended in single project mode. Requested project ID test-project, but the emulator is configured for demo-no-project. To opt-out of single project mode add/set the '"singleProjectMode": false' property in the firebase.json emulators config.
Multiple projectIds are not recommended in single project mode. Requested project ID test-project, but the emulator is configured for demo-no-project. To opt-out of single project mode add/set the '"singleProjectMode": false' property in the firebase.json emulators config.
Multiple projectIds are not recommended in single project mode. Requested project ID test-project, but the emulator is configured for demo-no-project. To opt-out of single project mode add/set the '"singleProjectMode": false' property in the firebase.json emulators config.
Multiple projectIds are not recommended in single project mode. Requested project ID test-project, but the emulator is configured for demo-no-project. To opt-out of single project mode add/set the '"singleProjectMode": false' property in the firebase.json emulators config.
Multiple projectIds are not recommended in single project mode. Requested project ID test-project, but the emulator is configured for demo-no-project. To opt-out of single project mode add/set the '"singleProjectMode": false' property in the firebase.json emulators config.
Multiple projectIds are not recommended in single project mode. Requested project ID test-project, but the emulator is configured for demo-no-project. To opt-out of single project mode add/set the '"singleProjectMode": false' property in the firebase.json emulators config.
Multiple projectIds are not recommended in single project mode. Requested project ID test-project, but the emulator is configured for demo-no-project. To opt-out of single project mode add/set the '"singleProjectMode": false' property in the firebase.json emulators config.
Multiple projectIds are not recommended in single project mode. Requested project ID test-project, but the emulator is configured for demo-no-project. To opt-out of single project mode add/set the '"singleProjectMode": false' property in the firebase.json emulators config.
Multiple projectIds are not recommended in single project mode. Requested project ID test-project, but the emulator is configured for demo-no-project. To opt-out of single project mode add/set the '"singleProjectMode": false' property in the firebase.json emulators config.
May 06, 2026 2:20:26 PM io.gapi.emulators.netty.HttpVersionRoutingHandler channelRead
INFO: Detected HTTP/2 connection.
Multiple projectIds are not recommended in single project mode. Requested project ID test-project, but the emulator is configured for demo-no-project. To opt-out of single project mode add/set the '"singleProjectMode": false' property in the firebase.json emulators config.
Multiple projectIds are not recommended in single project mode. Requested project ID test-project, but the emulator is configured for demo-no-project. To opt-out of single project mode add/set the '"singleProjectMode": false' property in the firebase.json emulators config.
Multiple projectIds are not recommended in single project mode. Requested project ID test-project, but the emulator is configured for demo-no-project. To opt-out of single project mode add/set the '"singleProjectMode": false' property in the firebase.json emulators config.
Multiple projectIds are not recommended in single project mode. Requested project ID test-project, but the emulator is configured for demo-no-project. To opt-out of single project mode add/set the '"singleProjectMode": false' property in the firebase.json emulators config.
Multiple projectIds are not recommended in single project mode. Requested project ID test-project, but the emulator is configured for demo-no-project. To opt-out of single project mode add/set the '"singleProjectMode": false' property in the firebase.json emulators config.
Multiple projectIds are not recommended in single project mode. Requested project ID test-project, but the emulator is configured for demo-no-project. To opt-out of single project mode add/set the '"singleProjectMode": false' property in the firebase.json emulators config.
Multiple projectIds are not recommended in single project mode. Requested project ID test-project, but the emulator is configured for demo-no-project. To opt-out of single project mode add/set the '"singleProjectMode": false' property in the firebase.json emulators config.
Multiple projectIds are not recommended in single project mode. Requested project ID test-project, but the emulator is configured for demo-no-project. To opt-out of single project mode add/set the '"singleProjectMode": false' property in the firebase.json emulators config.
Multiple projectIds are not recommended in single project mode. Requested project ID test-project, but the emulator is configured for demo-no-project. To opt-out of single project mode add/set the '"singleProjectMode": false' property in the firebase.json emulators config.
Multiple projectIds are not recommended in single project mode. Requested project ID test-project, but the emulator is configured for demo-no-project. To opt-out of single project mode add/set the '"singleProjectMode": false' property in the firebase.json emulators config.
Multiple projectIds are not recommended in single project mode. Requested project ID test-project, but the emulator is configured for demo-no-project. To opt-out of single project mode add/set the '"singleProjectMode": false' property in the firebase.json emulators config.
Multiple projectIds are not recommended in single project mode. Requested project ID test-project, but the emulator is configured for demo-no-project. To opt-out of single project mode add/set the '"singleProjectMode": false' property in the firebase.json emulators config.
Multiple projectIds are not recommended in single project mode. Requested project ID test-project, but the emulator is configured for demo-no-project. To opt-out of single project mode add/set the '"singleProjectMode": false' property in the firebase.json emulators config.
Multiple projectIds are not recommended in single project mode. Requested project ID test-project, but the emulator is configured for demo-no-project. To opt-out of single project mode add/set the '"singleProjectMode": false' property in the firebase.json emulators config.
Multiple projectIds are not recommended in single project mode. Requested project ID test-project, but the emulator is configured for demo-no-project. To opt-out of single project mode add/set the '"singleProjectMode": false' property in the firebase.json emulators config.
Multiple projectIds are not recommended in single project mode. Requested project ID test-project, but the emulator is configured for demo-no-project. To opt-out of single project mode add/set the '"singleProjectMode": false' property in the firebase.json emulators config.
Multiple projectIds are not recommended in single project mode. Requested project ID test-project, but the emulator is configured for demo-no-project. To opt-out of single project mode add/set the '"singleProjectMode": false' property in the firebase.json emulators config.
Multiple projectIds are not recommended in single project mode. Requested project ID test-project, but the emulator is configured for demo-no-project. To opt-out of single project mode add/set the '"singleProjectMode": false' property in the firebase.json emulators config.
Multiple projectIds are not recommended in single project mode. Requested project ID test-project, but the emulator is configured for demo-no-project. To opt-out of single project mode add/set the '"singleProjectMode": false' property in the firebase.json emulators config.
Multiple projectIds are not recommended in single project mode. Requested project ID test-project, but the emulator is configured for demo-no-project. To opt-out of single project mode add/set the '"singleProjectMode": false' property in the firebase.json emulators config.
Multiple projectIds are not recommended in single project mode. Requested project ID test-project, but the emulator is configured for demo-no-project. To opt-out of single project mode add/set the '"singleProjectMode": false' property in the firebase.json emulators config.
Multiple projectIds are not recommended in single project mode. Requested project ID test-project, but the emulator is configured for demo-no-project. To opt-out of single project mode add/set the '"singleProjectMode": false' property in the firebase.json emulators config.
Multiple projectIds are not recommended in single project mode. Requested project ID test-project, but the emulator is configured for demo-no-project. To opt-out of single project mode add/set the '"singleProjectMode": false' property in the firebase.json emulators config.
Multiple projectIds are not recommended in single project mode. Requested project ID test-project, but the emulator is configured for demo-no-project. To opt-out of single project mode add/set the '"singleProjectMode": false' property in the firebase.json emulators config.
May 06, 2026 2:20:29 PM io.gapi.emulators.netty.HttpVersionRoutingHandler channelRead
INFO: Detected HTTP/2 connection.
Multiple projectIds are not recommended in single project mode. Requested project ID test-project, but the emulator is configured for demo-no-project. To opt-out of single project mode add/set the '"singleProjectMode": false' property in the firebase.json emulators config.
Multiple projectIds are not recommended in single project mode. Requested project ID test-project, but the emulator is configured for demo-no-project. To opt-out of single project mode add/set the '"singleProjectMode": false' property in the firebase.json emulators config.
Multiple projectIds are not recommended in single project mode. Requested project ID test-project, but the emulator is configured for demo-no-project. To opt-out of single project mode add/set the '"singleProjectMode": false' property in the firebase.json emulators config.
Multiple projectIds are not recommended in single project mode. Requested project ID test-project, but the emulator is configured for demo-no-project. To opt-out of single project mode add/set the '"singleProjectMode": false' property in the firebase.json emulators config.
Multiple projectIds are not recommended in single project mode. Requested project ID test-project, but the emulator is configured for demo-no-project. To opt-out of single project mode add/set the '"singleProjectMode": false' property in the firebase.json emulators config.
Multiple projectIds are not recommended in single project mode. Requested project ID test-project, but the emulator is configured for demo-no-project. To opt-out of single project mode add/set the '"singleProjectMode": false' property in the firebase.json emulators config.
Multiple projectIds are not recommended in single project mode. Requested project ID test-project, but the emulator is configured for demo-no-project. To opt-out of single project mode add/set the '"singleProjectMode": false' property in the firebase.json emulators config.
Multiple projectIds are not recommended in single project mode. Requested project ID test-project, but the emulator is configured for demo-no-project. To opt-out of single project mode add/set the '"singleProjectMode": false' property in the firebase.json emulators config.
Multiple projectIds are not recommended in single project mode. Requested project ID test-project, but the emulator is configured for demo-no-project. To opt-out of single project mode add/set the '"singleProjectMode": false' property in the firebase.json emulators config.
Multiple projectIds are not recommended in single project mode. Requested project ID test-project, but the emulator is configured for demo-no-project. To opt-out of single project mode add/set the '"singleProjectMode": false' property in the firebase.json emulators config.
Multiple projectIds are not recommended in single project mode. Requested project ID test-project, but the emulator is configured for demo-no-project. To opt-out of single project mode add/set the '"singleProjectMode": false' property in the firebase.json emulators config.
Multiple projectIds are not recommended in single project mode. Requested project ID test-project, but the emulator is configured for demo-no-project. To opt-out of single project mode add/set the '"singleProjectMode": false' property in the firebase.json emulators config.
Multiple projectIds are not recommended in single project mode. Requested project ID test-project, but the emulator is configured for demo-no-project. To opt-out of single project mode add/set the '"singleProjectMode": false' property in the firebase.json emulators config.
Multiple projectIds are not recommended in single project mode. Requested project ID test-project, but the emulator is configured for demo-no-project. To opt-out of single project mode add/set the '"singleProjectMode": false' property in the firebase.json emulators config.
Multiple projectIds are not recommended in single project mode. Requested project ID test-project, but the emulator is configured for demo-no-project. To opt-out of single project mode add/set the '"singleProjectMode": false' property in the firebase.json emulators config.
Multiple projectIds are not recommended in single project mode. Requested project ID test-project, but the emulator is configured for demo-no-project. To opt-out of single project mode add/set the '"singleProjectMode": false' property in the firebase.json emulators config.
May 06, 2026 2:20:29 PM io.gapi.emulators.netty.HttpVersionRoutingHandler channelRead
INFO: Detected HTTP/2 connection.
Multiple projectIds are not recommended in single project mode. Requested project ID test-project, but the emulator is configured for demo-no-project. To opt-out of single project mode add/set the '"singleProjectMode": false' property in the firebase.json emulators config.
Multiple projectIds are not recommended in single project mode. Requested project ID test-project, but the emulator is configured for demo-no-project. To opt-out of single project mode add/set the '"singleProjectMode": false' property in the firebase.json emulators config.
Multiple projectIds are not recommended in single project mode. Requested project ID test-project, but the emulator is configured for demo-no-project. To opt-out of single project mode add/set the '"singleProjectMode": false' property in the firebase.json emulators config.
Multiple projectIds are not recommended in single project mode. Requested project ID test-project, but the emulator is configured for demo-no-project. To opt-out of single project mode add/set the '"singleProjectMode": false' property in the firebase.json emulators config.
Multiple projectIds are not recommended in single project mode. Requested project ID test-project, but the emulator is configured for demo-no-project. To opt-out of single project mode add/set the '"singleProjectMode": false' property in the firebase.json emulators config.
Multiple projectIds are not recommended in single project mode. Requested project ID test-project, but the emulator is configured for demo-no-project. To opt-out of single project mode add/set the '"singleProjectMode": false' property in the firebase.json emulators config.
Multiple projectIds are not recommended in single project mode. Requested project ID test-project, but the emulator is configured for demo-no-project. To opt-out of single project mode add/set the '"singleProjectMode": false' property in the firebase.json emulators config.
Multiple projectIds are not recommended in single project mode. Requested project ID test-project, but the emulator is configured for demo-no-project. To opt-out of single project mode add/set the '"singleProjectMode": false' property in the firebase.json emulators config.
Multiple projectIds are not recommended in single project mode. Requested project ID test-project, but the emulator is configured for demo-no-project. To opt-out of single project mode add/set the '"singleProjectMode": false' property in the firebase.json emulators config.
Multiple projectIds are not recommended in single project mode. Requested project ID test-project, but the emulator is configured for demo-no-project. To opt-out of single project mode add/set the '"singleProjectMode": false' property in the firebase.json emulators config.
May 06, 2026 2:20:29 PM io.gapi.emulators.netty.HttpVersionRoutingHandler channelRead
INFO: Detected HTTP/2 connection.
Multiple projectIds are not recommended in single project mode. Requested project ID test-project, but the emulator is configured for demo-no-project. To opt-out of single project mode add/set the '"singleProjectMode": false' property in the firebase.json emulators config.
Multiple projectIds are not recommended in single project mode. Requested project ID test-project, but the emulator is configured for demo-no-project. To opt-out of single project mode add/set the '"singleProjectMode": false' property in the firebase.json emulators config.
Multiple projectIds are not recommended in single project mode. Requested project ID test-project, but the emulator is configured for demo-no-project. To opt-out of single project mode add/set the '"singleProjectMode": false' property in the firebase.json emulators config.
Multiple projectIds are not recommended in single project mode. Requested project ID test-project, but the emulator is configured for demo-no-project. To opt-out of single project mode add/set the '"singleProjectMode": false' property in the firebase.json emulators config.
Multiple projectIds are not recommended in single project mode. Requested project ID test-project, but the emulator is configured for demo-no-project. To opt-out of single project mode add/set the '"singleProjectMode": false' property in the firebase.json emulators config.
Multiple projectIds are not recommended in single project mode. Requested project ID test-project, but the emulator is configured for demo-no-project. To opt-out of single project mode add/set the '"singleProjectMode": false' property in the firebase.json emulators config.
May 06, 2026 2:20:53 PM io.gapi.emulators.netty.HttpVersionRoutingHandler channelRead
INFO: Detected HTTP/2 connection.
Multiple projectIds are not recommended in single project mode. Requested project ID test-project, but the emulator is configured for demo-no-project. To opt-out of single project mode add/set the '"singleProjectMode": false' property in the firebase.json emulators config.
Multiple projectIds are not recommended in single project mode. Requested project ID test-project, but the emulator is configured for demo-no-project. To opt-out of single project mode add/set the '"singleProjectMode": false' property in the firebase.json emulators config.
Multiple projectIds are not recommended in single project mode. Requested project ID test-project, but the emulator is configured for demo-no-project. To opt-out of single project mode add/set the '"singleProjectMode": false' property in the firebase.json emulators config.
Multiple projectIds are not recommended in single project mode. Requested project ID test-project, but the emulator is configured for demo-no-project. To opt-out of single project mode add/set the '"singleProjectMode": false' property in the firebase.json emulators config.
Multiple projectIds are not recommended in single project mode. Requested project ID test-project, but the emulator is configured for demo-no-project. To opt-out of single project mode add/set the '"singleProjectMode": false' property in the firebase.json emulators config.
Multiple projectIds are not recommended in single project mode. Requested project ID test-project, but the emulator is configured for demo-no-project. To opt-out of single project mode add/set the '"singleProjectMode": false' property in the firebase.json emulators config.
Multiple projectIds are not recommended in single project mode. Requested project ID test-project, but the emulator is configured for demo-no-project. To opt-out of single project mode add/set the '"singleProjectMode": false' property in the firebase.json emulators config.
Multiple projectIds are not recommended in single project mode. Requested project ID test-project, but the emulator is configured for demo-no-project. To opt-out of single project mode add/set the '"singleProjectMode": false' property in the firebase.json emulators config.
Multiple projectIds are not recommended in single project mode. Requested project ID test-project, but the emulator is configured for demo-no-project. To opt-out of single project mode add/set the '"singleProjectMode": false' property in the firebase.json emulators config.
Multiple projectIds are not recommended in single project mode. Requested project ID test-project, but the emulator is configured for demo-no-project. To opt-out of single project mode add/set the '"singleProjectMode": false' property in the firebase.json emulators config.
Multiple projectIds are not recommended in single project mode. Requested project ID test-project, but the emulator is configured for demo-no-project. To opt-out of single project mode add/set the '"singleProjectMode": false' property in the firebase.json emulators config.
Multiple projectIds are not recommended in single project mode. Requested project ID test-project, but the emulator is configured for demo-no-project. To opt-out of single project mode add/set the '"singleProjectMode": false' property in the firebase.json emulators config.
Multiple projectIds are not recommended in single project mode. Requested project ID test-project, but the emulator is configured for demo-no-project. To opt-out of single project mode add/set the '"singleProjectMode": false' property in the firebase.json emulators config.
Multiple projectIds are not recommended in single project mode. Requested project ID test-project, but the emulator is configured for demo-no-project. To opt-out of single project mode add/set the '"singleProjectMode": false' property in the firebase.json emulators config.
Multiple projectIds are not recommended in single project mode. Requested project ID test-project, but the emulator is configured for demo-no-project. To opt-out of single project mode add/set the '"singleProjectMode": false' property in the firebase.json emulators config.
Multiple projectIds are not recommended in single project mode. Requested project ID test-project, but the emulator is configured for demo-no-project. To opt-out of single project mode add/set the '"singleProjectMode": false' property in the firebase.json emulators config.
Multiple projectIds are not recommended in single project mode. Requested project ID test-project, but the emulator is configured for demo-no-project. To opt-out of single project mode add/set the '"singleProjectMode": false' property in the firebase.json emulators config.
Multiple projectIds are not recommended in single project mode. Requested project ID test-project, but the emulator is configured for demo-no-project. To opt-out of single project mode add/set the '"singleProjectMode": false' property in the firebase.json emulators config.
Multiple projectIds are not recommended in single project mode. Requested project ID test-project, but the emulator is configured for demo-no-project. To opt-out of single project mode add/set the '"singleProjectMode": false' property in the firebase.json emulators config.
Multiple projectIds are not recommended in single project mode. Requested project ID test-project, but the emulator is configured for demo-no-project. To opt-out of single project mode add/set the '"singleProjectMode": false' property in the firebase.json emulators config.
Multiple projectIds are not recommended in single project mode. Requested project ID test-project, but the emulator is configured for demo-no-project. To opt-out of single project mode add/set the '"singleProjectMode": false' property in the firebase.json emulators config.
Multiple projectIds are not recommended in single project mode. Requested project ID test-project, but the emulator is configured for demo-no-project. To opt-out of single project mode add/set the '"singleProjectMode": false' property in the firebase.json emulators config.
Multiple projectIds are not recommended in single project mode. Requested project ID test-project, but the emulator is configured for demo-no-project. To opt-out of single project mode add/set the '"singleProjectMode": false' property in the firebase.json emulators config.
Multiple projectIds are not recommended in single project mode. Requested project ID test-project, but the emulator is configured for demo-no-project. To opt-out of single project mode add/set the '"singleProjectMode": false' property in the firebase.json emulators config.
Multiple projectIds are not recommended in single project mode. Requested project ID test-project, but the emulator is configured for demo-no-project. To opt-out of single project mode add/set the '"singleProjectMode": false' property in the firebase.json emulators config.
Multiple projectIds are not recommended in single project mode. Requested project ID test-project, but the emulator is configured for demo-no-project. To opt-out of single project mode add/set the '"singleProjectMode": false' property in the firebase.json emulators config.
Multiple projectIds are not recommended in single project mode. Requested project ID test-project, but the emulator is configured for demo-no-project. To opt-out of single project mode add/set the '"singleProjectMode": false' property in the firebase.json emulators config.
Multiple projectIds are not recommended in single project mode. Requested project ID test-project, but the emulator is configured for demo-no-project. To opt-out of single project mode add/set the '"singleProjectMode": false' property in the firebase.json emulators config.
Multiple projectIds are not recommended in single project mode. Requested project ID test-project, but the emulator is configured for demo-no-project. To opt-out of single project mode add/set the '"singleProjectMode": false' property in the firebase.json emulators config.
Multiple projectIds are not recommended in single project mode. Requested project ID test-project, but the emulator is configured for demo-no-project. To opt-out of single project mode add/set the '"singleProjectMode": false' property in the firebase.json emulators config.
Multiple projectIds are not recommended in single project mode. Requested project ID test-project, but the emulator is configured for demo-no-project. To opt-out of single project mode add/set the '"singleProjectMode": false' property in the firebase.json emulators config.
Multiple projectIds are not recommended in single project mode. Requested project ID test-project, but the emulator is configured for demo-no-project. To opt-out of single project mode add/set the '"singleProjectMode": false' property in the firebase.json emulators config.
Multiple projectIds are not recommended in single project mode. Requested project ID test-project, but the emulator is configured for demo-no-project. To opt-out of single project mode add/set the '"singleProjectMode": false' property in the firebase.json emulators config.
Multiple projectIds are not recommended in single project mode. Requested project ID test-project, but the emulator is configured for demo-no-project. To opt-out of single project mode add/set the '"singleProjectMode": false' property in the firebase.json emulators config.
Multiple projectIds are not recommended in single project mode. Requested project ID test-project, but the emulator is configured for demo-no-project. To opt-out of single project mode add/set the '"singleProjectMode": false' property in the firebase.json emulators config.
Multiple projectIds are not recommended in single project mode. Requested project ID test-project, but the emulator is configured for demo-no-project. To opt-out of single project mode add/set the '"singleProjectMode": false' property in the firebase.json emulators config.
Multiple projectIds are not recommended in single project mode. Requested project ID test-project, but the emulator is configured for demo-no-project. To opt-out of single project mode add/set the '"singleProjectMode": false' property in the firebase.json emulators config.
Multiple projectIds are not recommended in single project mode. Requested project ID test-project, but the emulator is configured for demo-no-project. To opt-out of single project mode add/set the '"singleProjectMode": false' property in the firebase.json emulators config.
Multiple projectIds are not recommended in single project mode. Requested project ID test-project, but the emulator is configured for demo-no-project. To opt-out of single project mode add/set the '"singleProjectMode": false' property in the firebase.json emulators config.
Multiple projectIds are not recommended in single project mode. Requested project ID test-project, but the emulator is configured for demo-no-project. To opt-out of single project mode add/set the '"singleProjectMode": false' property in the firebase.json emulators config.
Multiple projectIds are not recommended in single project mode. Requested project ID test-project, but the emulator is configured for demo-no-project. To opt-out of single project mode add/set the '"singleProjectMode": false' property in the firebase.json emulators config.
Multiple projectIds are not recommended in single project mode. Requested project ID test-project, but the emulator is configured for demo-no-project. To opt-out of single project mode add/set the '"singleProjectMode": false' property in the firebase.json emulators config.
Multiple projectIds are not recommended in single project mode. Requested project ID test-project, but the emulator is configured for demo-no-project. To opt-out of single project mode add/set the '"singleProjectMode": false' property in the firebase.json emulators config.
Multiple projectIds are not recommended in single project mode. Requested project ID test-project, but the emulator is configured for demo-no-project. To opt-out of single project mode add/set the '"singleProjectMode": false' property in the firebase.json emulators config.
Multiple projectIds are not recommended in single project mode. Requested project ID test-project, but the emulator is configured for demo-no-project. To opt-out of single project mode add/set the '"singleProjectMode": false' property in the firebase.json emulators config.
Multiple projectIds are not recommended in single project mode. Requested project ID test-project, but the emulator is configured for demo-no-project. To opt-out of single project mode add/set the '"singleProjectMode": false' property in the firebase.json emulators config.
Multiple projectIds are not recommended in single project mode. Requested project ID test-project, but the emulator is configured for demo-no-project. To opt-out of single project mode add/set the '"singleProjectMode": false' property in the firebase.json emulators config.
Multiple projectIds are not recommended in single project mode. Requested project ID test-project, but the emulator is configured for demo-no-project. To opt-out of single project mode add/set the '"singleProjectMode": false' property in the firebase.json emulators config.
Multiple projectIds are not recommended in single project mode. Requested project ID test-project, but the emulator is configured for demo-no-project. To opt-out of single project mode add/set the '"singleProjectMode": false' property in the firebase.json emulators config.
Multiple projectIds are not recommended in single project mode. Requested project ID test-project, but the emulator is configured for demo-no-project. To opt-out of single project mode add/set the '"singleProjectMode": false' property in the firebase.json emulators config.
May 06, 2026 2:20:54 PM io.gapi.emulators.netty.HttpVersionRoutingHandler channelRead
INFO: Detected HTTP/2 connection.
Multiple projectIds are not recommended in single project mode. Requested project ID test-project, but the emulator is configured for demo-no-project. To opt-out of single project mode add/set the '"singleProjectMode": false' property in the firebase.json emulators config.
Multiple projectIds are not recommended in single project mode. Requested project ID test-project, but the emulator is configured for demo-no-project. To opt-out of single project mode add/set the '"singleProjectMode": false' property in the firebase.json emulators config.
Multiple projectIds are not recommended in single project mode. Requested project ID test-project, but the emulator is configured for demo-no-project. To opt-out of single project mode add/set the '"singleProjectMode": false' property in the firebase.json emulators config.
Multiple projectIds are not recommended in single project mode. Requested project ID test-project, but the emulator is configured for demo-no-project. To opt-out of single project mode add/set the '"singleProjectMode": false' property in the firebase.json emulators config.
Multiple projectIds are not recommended in single project mode. Requested project ID test-project, but the emulator is configured for demo-no-project. To opt-out of single project mode add/set the '"singleProjectMode": false' property in the firebase.json emulators config.
Multiple projectIds are not recommended in single project mode. Requested project ID test-project, but the emulator is configured for demo-no-project. To opt-out of single project mode add/set the '"singleProjectMode": false' property in the firebase.json emulators config.
Multiple projectIds are not recommended in single project mode. Requested project ID test-project, but the emulator is configured for demo-no-project. To opt-out of single project mode add/set the '"singleProjectMode": false' property in the firebase.json emulators config.
Multiple projectIds are not recommended in single project mode. Requested project ID test-project, but the emulator is configured for demo-no-project. To opt-out of single project mode add/set the '"singleProjectMode": false' property in the firebase.json emulators config.
Multiple projectIds are not recommended in single project mode. Requested project ID test-project, but the emulator is configured for demo-no-project. To opt-out of single project mode add/set the '"singleProjectMode": false' property in the firebase.json emulators config.
Multiple projectIds are not recommended in single project mode. Requested project ID test-project, but the emulator is configured for demo-no-project. To opt-out of single project mode add/set the '"singleProjectMode": false' property in the firebase.json emulators config.
Multiple projectIds are not recommended in single project mode. Requested project ID test-project, but the emulator is configured for demo-no-project. To opt-out of single project mode add/set the '"singleProjectMode": false' property in the firebase.json emulators config.
Multiple projectIds are not recommended in single project mode. Requested project ID test-project, but the emulator is configured for demo-no-project. To opt-out of single project mode add/set the '"singleProjectMode": false' property in the firebase.json emulators config.
Multiple projectIds are not recommended in single project mode. Requested project ID test-project, but the emulator is configured for demo-no-project. To opt-out of single project mode add/set the '"singleProjectMode": false' property in the firebase.json emulators config.
Multiple projectIds are not recommended in single project mode. Requested project ID test-project, but the emulator is configured for demo-no-project. To opt-out of single project mode add/set the '"singleProjectMode": false' property in the firebase.json emulators config.
Multiple projectIds are not recommended in single project mode. Requested project ID test-project, but the emulator is configured for demo-no-project. To opt-out of single project mode add/set the '"singleProjectMode": false' property in the firebase.json emulators config.
Multiple projectIds are not recommended in single project mode. Requested project ID test-project, but the emulator is configured for demo-no-project. To opt-out of single project mode add/set the '"singleProjectMode": false' property in the firebase.json emulators config.
Multiple projectIds are not recommended in single project mode. Requested project ID test-project, but the emulator is configured for demo-no-project. To opt-out of single project mode add/set the '"singleProjectMode": false' property in the firebase.json emulators config.
Multiple projectIds are not recommended in single project mode. Requested project ID test-project, but the emulator is configured for demo-no-project. To opt-out of single project mode add/set the '"singleProjectMode": false' property in the firebase.json emulators config.
May 06, 2026 2:20:57 PM io.gapi.emulators.netty.HttpVersionRoutingHandler channelRead
INFO: Detected HTTP/2 connection.
Multiple projectIds are not recommended in single project mode. Requested project ID test-project, but the emulator is configured for demo-no-project. To opt-out of single project mode add/set the '"singleProjectMode": false' property in the firebase.json emulators config.
Multiple projectIds are not recommended in single project mode. Requested project ID test-project, but the emulator is configured for demo-no-project. To opt-out of single project mode add/set the '"singleProjectMode": false' property in the firebase.json emulators config.
Multiple projectIds are not recommended in single project mode. Requested project ID test-project, but the emulator is configured for demo-no-project. To opt-out of single project mode add/set the '"singleProjectMode": false' property in the firebase.json emulators config.
Multiple projectIds are not recommended in single project mode. Requested project ID test-project, but the emulator is configured for demo-no-project. To opt-out of single project mode add/set the '"singleProjectMode": false' property in the firebase.json emulators config.
Multiple projectIds are not recommended in single project mode. Requested project ID test-project, but the emulator is configured for demo-no-project. To opt-out of single project mode add/set the '"singleProjectMode": false' property in the firebase.json emulators config.
Multiple projectIds are not recommended in single project mode. Requested project ID test-project, but the emulator is configured for demo-no-project. To opt-out of single project mode add/set the '"singleProjectMode": false' property in the firebase.json emulators config.
Multiple projectIds are not recommended in single project mode. Requested project ID test-project, but the emulator is configured for demo-no-project. To opt-out of single project mode add/set the '"singleProjectMode": false' property in the firebase.json emulators config.
Multiple projectIds are not recommended in single project mode. Requested project ID test-project, but the emulator is configured for demo-no-project. To opt-out of single project mode add/set the '"singleProjectMode": false' property in the firebase.json emulators config.
Multiple projectIds are not recommended in single project mode. Requested project ID test-project, but the emulator is configured for demo-no-project. To opt-out of single project mode add/set the '"singleProjectMode": false' property in the firebase.json emulators config.
Multiple projectIds are not recommended in single project mode. Requested project ID test-project, but the emulator is configured for demo-no-project. To opt-out of single project mode add/set the '"singleProjectMode": false' property in the firebase.json emulators config.
Multiple projectIds are not recommended in single project mode. Requested project ID test-project, but the emulator is configured for demo-no-project. To opt-out of single project mode add/set the '"singleProjectMode": false' property in the firebase.json emulators config.
Multiple projectIds are not recommended in single project mode. Requested project ID test-project, but the emulator is configured for demo-no-project. To opt-out of single project mode add/set the '"singleProjectMode": false' property in the firebase.json emulators config.
Multiple projectIds are not recommended in single project mode. Requested project ID test-project, but the emulator is configured for demo-no-project. To opt-out of single project mode add/set the '"singleProjectMode": false' property in the firebase.json emulators config.
Multiple projectIds are not recommended in single project mode. Requested project ID test-project, but the emulator is configured for demo-no-project. To opt-out of single project mode add/set the '"singleProjectMode": false' property in the firebase.json emulators config.
Multiple projectIds are not recommended in single project mode. Requested project ID test-project, but the emulator is configured for demo-no-project. To opt-out of single project mode add/set the '"singleProjectMode": false' property in the firebase.json emulators config.
Multiple projectIds are not recommended in single project mode. Requested project ID test-project, but the emulator is configured for demo-no-project. To opt-out of single project mode add/set the '"singleProjectMode": false' property in the firebase.json emulators config.
Multiple projectIds are not recommended in single project mode. Requested project ID test-project, but the emulator is configured for demo-no-project. To opt-out of single project mode add/set the '"singleProjectMode": false' property in the firebase.json emulators config.
Multiple projectIds are not recommended in single project mode. Requested project ID test-project, but the emulator is configured for demo-no-project. To opt-out of single project mode add/set the '"singleProjectMode": false' property in the firebase.json emulators config.
Multiple projectIds are not recommended in single project mode. Requested project ID test-project, but the emulator is configured for demo-no-project. To opt-out of single project mode add/set the '"singleProjectMode": false' property in the firebase.json emulators config.
Multiple projectIds are not recommended in single project mode. Requested project ID test-project, but the emulator is configured for demo-no-project. To opt-out of single project mode add/set the '"singleProjectMode": false' property in the firebase.json emulators config.
Multiple projectIds are not recommended in single project mode. Requested project ID test-project, but the emulator is configured for demo-no-project. To opt-out of single project mode add/set the '"singleProjectMode": false' property in the firebase.json emulators config.
Multiple projectIds are not recommended in single project mode. Requested project ID test-project, but the emulator is configured for demo-no-project. To opt-out of single project mode add/set the '"singleProjectMode": false' property in the firebase.json emulators config.
Multiple projectIds are not recommended in single project mode. Requested project ID test-project, but the emulator is configured for demo-no-project. To opt-out of single project mode add/set the '"singleProjectMode": false' property in the firebase.json emulators config.
Multiple projectIds are not recommended in single project mode. Requested project ID test-project, but the emulator is configured for demo-no-project. To opt-out of single project mode add/set the '"singleProjectMode": false' property in the firebase.json emulators config.
Multiple projectIds are not recommended in single project mode. Requested project ID test-project, but the emulator is configured for demo-no-project. To opt-out of single project mode add/set the '"singleProjectMode": false' property in the firebase.json emulators config.
Multiple projectIds are not recommended in single project mode. Requested project ID test-project, but the emulator is configured for demo-no-project. To opt-out of single project mode add/set the '"singleProjectMode": false' property in the firebase.json emulators config.
Multiple projectIds are not recommended in single project mode. Requested project ID test-project, but the emulator is configured for demo-no-project. To opt-out of single project mode add/set the '"singleProjectMode": false' property in the firebase.json emulators config.
Multiple projectIds are not recommended in single project mode. Requested project ID test-project, but the emulator is configured for demo-no-project. To opt-out of single project mode add/set the '"singleProjectMode": false' property in the firebase.json emulators config.
Multiple projectIds are not recommended in single project mode. Requested project ID test-project, but the emulator is configured for demo-no-project. To opt-out of single project mode add/set the '"singleProjectMode": false' property in the firebase.json emulators config.
Multiple projectIds are not recommended in single project mode. Requested project ID test-project, but the emulator is configured for demo-no-project. To opt-out of single project mode add/set the '"singleProjectMode": false' property in the firebase.json emulators config.
Multiple projectIds are not recommended in single project mode. Requested project ID test-project, but the emulator is configured for demo-no-project. To opt-out of single project mode add/set the '"singleProjectMode": false' property in the firebase.json emulators config.
Multiple projectIds are not recommended in single project mode. Requested project ID test-project, but the emulator is configured for demo-no-project. To opt-out of single project mode add/set the '"singleProjectMode": false' property in the firebase.json emulators config.
May 06, 2026 2:20:58 PM io.gapi.emulators.netty.HttpVersionRoutingHandler channelRead
INFO: Detected HTTP/2 connection.
Multiple projectIds are not recommended in single project mode. Requested project ID test-project, but the emulator is configured for demo-no-project. To opt-out of single project mode add/set the '"singleProjectMode": false' property in the firebase.json emulators config.
Multiple projectIds are not recommended in single project mode. Requested project ID test-project, but the emulator is configured for demo-no-project. To opt-out of single project mode add/set the '"singleProjectMode": false' property in the firebase.json emulators config.
Multiple projectIds are not recommended in single project mode. Requested project ID test-project, but the emulator is configured for demo-no-project. To opt-out of single project mode add/set the '"singleProjectMode": false' property in the firebase.json emulators config.
Multiple projectIds are not recommended in single project mode. Requested project ID test-project, but the emulator is configured for demo-no-project. To opt-out of single project mode add/set the '"singleProjectMode": false' property in the firebase.json emulators config.
Multiple projectIds are not recommended in single project mode. Requested project ID test-project, but the emulator is configured for demo-no-project. To opt-out of single project mode add/set the '"singleProjectMode": false' property in the firebase.json emulators config.
Multiple projectIds are not recommended in single project mode. Requested project ID test-project, but the emulator is configured for demo-no-project. To opt-out of single project mode add/set the '"singleProjectMode": false' property in the firebase.json emulators config.
Multiple projectIds are not recommended in single project mode. Requested project ID test-project, but the emulator is configured for demo-no-project. To opt-out of single project mode add/set the '"singleProjectMode": false' property in the firebase.json emulators config.
Multiple projectIds are not recommended in single project mode. Requested project ID test-project, but the emulator is configured for demo-no-project. To opt-out of single project mode add/set the '"singleProjectMode": false' property in the firebase.json emulators config.
Multiple projectIds are not recommended in single project mode. Requested project ID test-project, but the emulator is configured for demo-no-project. To opt-out of single project mode add/set the '"singleProjectMode": false' property in the firebase.json emulators config.
Multiple projectIds are not recommended in single project mode. Requested project ID test-project, but the emulator is configured for demo-no-project. To opt-out of single project mode add/set the '"singleProjectMode": false' property in the firebase.json emulators config.
Multiple projectIds are not recommended in single project mode. Requested project ID test-project, but the emulator is configured for demo-no-project. To opt-out of single project mode add/set the '"singleProjectMode": false' property in the firebase.json emulators config.
Multiple projectIds are not recommended in single project mode. Requested project ID test-project, but the emulator is configured for demo-no-project. To opt-out of single project mode add/set the '"singleProjectMode": false' property in the firebase.json emulators config.
Multiple projectIds are not recommended in single project mode. Requested project ID test-project, but the emulator is configured for demo-no-project. To opt-out of single project mode add/set the '"singleProjectMode": false' property in the firebase.json emulators config.
Multiple projectIds are not recommended in single project mode. Requested project ID test-project, but the emulator is configured for demo-no-project. To opt-out of single project mode add/set the '"singleProjectMode": false' property in the firebase.json emulators config.
Multiple projectIds are not recommended in single project mode. Requested project ID test-project, but the emulator is configured for demo-no-project. To opt-out of single project mode add/set the '"singleProjectMode": false' property in the firebase.json emulators config.
Multiple projectIds are not recommended in single project mode. Requested project ID test-project, but the emulator is configured for demo-no-project. To opt-out of single project mode add/set the '"singleProjectMode": false' property in the firebase.json emulators config.
Multiple projectIds are not recommended in single project mode. Requested project ID test-project, but the emulator is configured for demo-no-project. To opt-out of single project mode add/set the '"singleProjectMode": false' property in the firebase.json emulators config.
Multiple projectIds are not recommended in single project mode. Requested project ID test-project, but the emulator is configured for demo-no-project. To opt-out of single project mode add/set the '"singleProjectMode": false' property in the firebase.json emulators config.
Multiple projectIds are not recommended in single project mode. Requested project ID test-project, but the emulator is configured for demo-no-project. To opt-out of single project mode add/set the '"singleProjectMode": false' property in the firebase.json emulators config.
Multiple projectIds are not recommended in single project mode. Requested project ID test-project, but the emulator is configured for demo-no-project. To opt-out of single project mode add/set the '"singleProjectMode": false' property in the firebase.json emulators config.
Multiple projectIds are not recommended in single project mode. Requested project ID test-project, but the emulator is configured for demo-no-project. To opt-out of single project mode add/set the '"singleProjectMode": false' property in the firebase.json emulators config.
Multiple projectIds are not recommended in single project mode. Requested project ID test-project, but the emulator is configured for demo-no-project. To opt-out of single project mode add/set the '"singleProjectMode": false' property in the firebase.json emulators config.
Multiple projectIds are not recommended in single project mode. Requested project ID test-project, but the emulator is configured for demo-no-project. To opt-out of single project mode add/set the '"singleProjectMode": false' property in the firebase.json emulators config.
Multiple projectIds are not recommended in single project mode. Requested project ID test-project, but the emulator is configured for demo-no-project. To opt-out of single project mode add/set the '"singleProjectMode": false' property in the firebase.json emulators config.
May 06, 2026 2:21:01 PM io.gapi.emulators.netty.HttpVersionRoutingHandler channelRead
INFO: Detected HTTP/2 connection.
Multiple projectIds are not recommended in single project mode. Requested project ID test-project, but the emulator is configured for demo-no-project. To opt-out of single project mode add/set the '"singleProjectMode": false' property in the firebase.json emulators config.
Multiple projectIds are not recommended in single project mode. Requested project ID test-project, but the emulator is configured for demo-no-project. To opt-out of single project mode add/set the '"singleProjectMode": false' property in the firebase.json emulators config.
Multiple projectIds are not recommended in single project mode. Requested project ID test-project, but the emulator is configured for demo-no-project. To opt-out of single project mode add/set the '"singleProjectMode": false' property in the firebase.json emulators config.
Multiple projectIds are not recommended in single project mode. Requested project ID test-project, but the emulator is configured for demo-no-project. To opt-out of single project mode add/set the '"singleProjectMode": false' property in the firebase.json emulators config.
Multiple projectIds are not recommended in single project mode. Requested project ID test-project, but the emulator is configured for demo-no-project. To opt-out of single project mode add/set the '"singleProjectMode": false' property in the firebase.json emulators config.
Multiple projectIds are not recommended in single project mode. Requested project ID test-project, but the emulator is configured for demo-no-project. To opt-out of single project mode add/set the '"singleProjectMode": false' property in the firebase.json emulators config.
Multiple projectIds are not recommended in single project mode. Requested project ID test-project, but the emulator is configured for demo-no-project. To opt-out of single project mode add/set the '"singleProjectMode": false' property in the firebase.json emulators config.
Multiple projectIds are not recommended in single project mode. Requested project ID test-project, but the emulator is configured for demo-no-project. To opt-out of single project mode add/set the '"singleProjectMode": false' property in the firebase.json emulators config.
Multiple projectIds are not recommended in single project mode. Requested project ID test-project, but the emulator is configured for demo-no-project. To opt-out of single project mode add/set the '"singleProjectMode": false' property in the firebase.json emulators config.
Multiple projectIds are not recommended in single project mode. Requested project ID test-project, but the emulator is configured for demo-no-project. To opt-out of single project mode add/set the '"singleProjectMode": false' property in the firebase.json emulators config.
Multiple projectIds are not recommended in single project mode. Requested project ID test-project, but the emulator is configured for demo-no-project. To opt-out of single project mode add/set the '"singleProjectMode": false' property in the firebase.json emulators config.
Multiple projectIds are not recommended in single project mode. Requested project ID test-project, but the emulator is configured for demo-no-project. To opt-out of single project mode add/set the '"singleProjectMode": false' property in the firebase.json emulators config.
Multiple projectIds are not recommended in single project mode. Requested project ID test-project, but the emulator is configured for demo-no-project. To opt-out of single project mode add/set the '"singleProjectMode": false' property in the firebase.json emulators config.
Multiple projectIds are not recommended in single project mode. Requested project ID test-project, but the emulator is configured for demo-no-project. To opt-out of single project mode add/set the '"singleProjectMode": false' property in the firebase.json emulators config.
Multiple projectIds are not recommended in single project mode. Requested project ID test-project, but the emulator is configured for demo-no-project. To opt-out of single project mode add/set the '"singleProjectMode": false' property in the firebase.json emulators config.
Multiple projectIds are not recommended in single project mode. Requested project ID test-project, but the emulator is configured for demo-no-project. To opt-out of single project mode add/set the '"singleProjectMode": false' property in the firebase.json emulators config.
May 06, 2026 2:21:01 PM io.gapi.emulators.netty.HttpVersionRoutingHandler channelRead
INFO: Detected HTTP/2 connection.
Multiple projectIds are not recommended in single project mode. Requested project ID test-project, but the emulator is configured for demo-no-project. To opt-out of single project mode add/set the '"singleProjectMode": false' property in the firebase.json emulators config.
Multiple projectIds are not recommended in single project mode. Requested project ID test-project, but the emulator is configured for demo-no-project. To opt-out of single project mode add/set the '"singleProjectMode": false' property in the firebase.json emulators config.
Multiple projectIds are not recommended in single project mode. Requested project ID test-project, but the emulator is configured for demo-no-project. To opt-out of single project mode add/set the '"singleProjectMode": false' property in the firebase.json emulators config.
Multiple projectIds are not recommended in single project mode. Requested project ID test-project, but the emulator is configured for demo-no-project. To opt-out of single project mode add/set the '"singleProjectMode": false' property in the firebase.json emulators config.
Multiple projectIds are not recommended in single project mode. Requested project ID test-project, but the emulator is configured for demo-no-project. To opt-out of single project mode add/set the '"singleProjectMode": false' property in the firebase.json emulators config.
Multiple projectIds are not recommended in single project mode. Requested project ID test-project, but the emulator is configured for demo-no-project. To opt-out of single project mode add/set the '"singleProjectMode": false' property in the firebase.json emulators config.
Multiple projectIds are not recommended in single project mode. Requested project ID test-project, but the emulator is configured for demo-no-project. To opt-out of single project mode add/set the '"singleProjectMode": false' property in the firebase.json emulators config.
Multiple projectIds are not recommended in single project mode. Requested project ID test-project, but the emulator is configured for demo-no-project. To opt-out of single project mode add/set the '"singleProjectMode": false' property in the firebase.json emulators config.
May 06, 2026 2:21:01 PM io.gapi.emulators.netty.HttpVersionRoutingHandler channelRead
INFO: Detected HTTP/2 connection.
Multiple projectIds are not recommended in single project mode. Requested project ID test-project, but the emulator is configured for demo-no-project. To opt-out of single project mode add/set the '"singleProjectMode": false' property in the firebase.json emulators config.
Multiple projectIds are not recommended in single project mode. Requested project ID test-project, but the emulator is configured for demo-no-project. To opt-out of single project mode add/set the '"singleProjectMode": false' property in the firebase.json emulators config.
Multiple projectIds are not recommended in single project mode. Requested project ID test-project, but the emulator is configured for demo-no-project. To opt-out of single project mode add/set the '"singleProjectMode": false' property in the firebase.json emulators config.
Multiple projectIds are not recommended in single project mode. Requested project ID test-project, but the emulator is configured for demo-no-project. To opt-out of single project mode add/set the '"singleProjectMode": false' property in the firebase.json emulators config.
Multiple projectIds are not recommended in single project mode. Requested project ID test-project, but the emulator is configured for demo-no-project. To opt-out of single project mode add/set the '"singleProjectMode": false' property in the firebase.json emulators config.
Multiple projectIds are not recommended in single project mode. Requested project ID test-project, but the emulator is configured for demo-no-project. To opt-out of single project mode add/set the '"singleProjectMode": false' property in the firebase.json emulators config.
May 06, 2026 2:21:49 PM io.gapi.emulators.netty.HttpVersionRoutingHandler channelRead
INFO: Detected HTTP/2 connection.
Multiple projectIds are not recommended in single project mode. Requested project ID test-project, but the emulator is configured for demo-no-project. To opt-out of single project mode add/set the '"singleProjectMode": false' property in the firebase.json emulators config.
Multiple projectIds are not recommended in single project mode. Requested project ID test-project, but the emulator is configured for demo-no-project. To opt-out of single project mode add/set the '"singleProjectMode": false' property in the firebase.json emulators config.
Multiple projectIds are not recommended in single project mode. Requested project ID test-project, but the emulator is configured for demo-no-project. To opt-out of single project mode add/set the '"singleProjectMode": false' property in the firebase.json emulators config.
Multiple projectIds are not recommended in single project mode. Requested project ID test-project, but the emulator is configured for demo-no-project. To opt-out of single project mode add/set the '"singleProjectMode": false' property in the firebase.json emulators config.
Multiple projectIds are not recommended in single project mode. Requested project ID test-project, but the emulator is configured for demo-no-project. To opt-out of single project mode add/set the '"singleProjectMode": false' property in the firebase.json emulators config.
Multiple projectIds are not recommended in single project mode. Requested project ID test-project, but the emulator is configured for demo-no-project. To opt-out of single project mode add/set the '"singleProjectMode": false' property in the firebase.json emulators config.
Multiple projectIds are not recommended in single project mode. Requested project ID test-project, but the emulator is configured for demo-no-project. To opt-out of single project mode add/set the '"singleProjectMode": false' property in the firebase.json emulators config.
Multiple projectIds are not recommended in single project mode. Requested project ID test-project, but the emulator is configured for demo-no-project. To opt-out of single project mode add/set the '"singleProjectMode": false' property in the firebase.json emulators config.
Multiple projectIds are not recommended in single project mode. Requested project ID test-project, but the emulator is configured for demo-no-project. To opt-out of single project mode add/set the '"singleProjectMode": false' property in the firebase.json emulators config.
Multiple projectIds are not recommended in single project mode. Requested project ID test-project, but the emulator is configured for demo-no-project. To opt-out of single project mode add/set the '"singleProjectMode": false' property in the firebase.json emulators config.
Multiple projectIds are not recommended in single project mode. Requested project ID test-project, but the emulator is configured for demo-no-project. To opt-out of single project mode add/set the '"singleProjectMode": false' property in the firebase.json emulators config.
Multiple projectIds are not recommended in single project mode. Requested project ID test-project, but the emulator is configured for demo-no-project. To opt-out of single project mode add/set the '"singleProjectMode": false' property in the firebase.json emulators config.
Multiple projectIds are not recommended in single project mode. Requested project ID test-project, but the emulator is configured for demo-no-project. To opt-out of single project mode add/set the '"singleProjectMode": false' property in the firebase.json emulators config.
Multiple projectIds are not recommended in single project mode. Requested project ID test-project, but the emulator is configured for demo-no-project. To opt-out of single project mode add/set the '"singleProjectMode": false' property in the firebase.json emulators config.
Multiple projectIds are not recommended in single project mode. Requested project ID test-project, but the emulator is configured for demo-no-project. To opt-out of single project mode add/set the '"singleProjectMode": false' property in the firebase.json emulators config.
Multiple projectIds are not recommended in single project mode. Requested project ID test-project, but the emulator is configured for demo-no-project. To opt-out of single project mode add/set the '"singleProjectMode": false' property in the firebase.json emulators config.
Multiple projectIds are not recommended in single project mode. Requested project ID test-project, but the emulator is configured for demo-no-project. To opt-out of single project mode add/set the '"singleProjectMode": false' property in the firebase.json emulators config.
Multiple projectIds are not recommended in single project mode. Requested project ID test-project, but the emulator is configured for demo-no-project. To opt-out of single project mode add/set the '"singleProjectMode": false' property in the firebase.json emulators config.
May 06, 2026 2:21:53 PM io.gapi.emulators.netty.HttpVersionRoutingHandler channelRead
INFO: Detected HTTP/2 connection.
Multiple projectIds are not recommended in single project mode. Requested project ID test-project, but the emulator is configured for demo-no-project. To opt-out of single project mode add/set the '"singleProjectMode": false' property in the firebase.json emulators config.
Multiple projectIds are not recommended in single project mode. Requested project ID test-project, but the emulator is configured for demo-no-project. To opt-out of single project mode add/set the '"singleProjectMode": false' property in the firebase.json emulators config.
Multiple projectIds are not recommended in single project mode. Requested project ID test-project, but the emulator is configured for demo-no-project. To opt-out of single project mode add/set the '"singleProjectMode": false' property in the firebase.json emulators config.
Multiple projectIds are not recommended in single project mode. Requested project ID test-project, but the emulator is configured for demo-no-project. To opt-out of single project mode add/set the '"singleProjectMode": false' property in the firebase.json emulators config.
Multiple projectIds are not recommended in single project mode. Requested project ID test-project, but the emulator is configured for demo-no-project. To opt-out of single project mode add/set the '"singleProjectMode": false' property in the firebase.json emulators config.
Multiple projectIds are not recommended in single project mode. Requested project ID test-project, but the emulator is configured for demo-no-project. To opt-out of single project mode add/set the '"singleProjectMode": false' property in the firebase.json emulators config.
Multiple projectIds are not recommended in single project mode. Requested project ID test-project, but the emulator is configured for demo-no-project. To opt-out of single project mode add/set the '"singleProjectMode": false' property in the firebase.json emulators config.
Multiple projectIds are not recommended in single project mode. Requested project ID test-project, but the emulator is configured for demo-no-project. To opt-out of single project mode add/set the '"singleProjectMode": false' property in the firebase.json emulators config.
Multiple projectIds are not recommended in single project mode. Requested project ID test-project, but the emulator is configured for demo-no-project. To opt-out of single project mode add/set the '"singleProjectMode": false' property in the firebase.json emulators config.
Multiple projectIds are not recommended in single project mode. Requested project ID test-project, but the emulator is configured for demo-no-project. To opt-out of single project mode add/set the '"singleProjectMode": false' property in the firebase.json emulators config.
Multiple projectIds are not recommended in single project mode. Requested project ID test-project, but the emulator is configured for demo-no-project. To opt-out of single project mode add/set the '"singleProjectMode": false' property in the firebase.json emulators config.
Multiple projectIds are not recommended in single project mode. Requested project ID test-project, but the emulator is configured for demo-no-project. To opt-out of single project mode add/set the '"singleProjectMode": false' property in the firebase.json emulators config.
Multiple projectIds are not recommended in single project mode. Requested project ID test-project, but the emulator is configured for demo-no-project. To opt-out of single project mode add/set the '"singleProjectMode": false' property in the firebase.json emulators config.
Multiple projectIds are not recommended in single project mode. Requested project ID test-project, but the emulator is configured for demo-no-project. To opt-out of single project mode add/set the '"singleProjectMode": false' property in the firebase.json emulators config.
Multiple projectIds are not recommended in single project mode. Requested project ID test-project, but the emulator is configured for demo-no-project. To opt-out of single project mode add/set the '"singleProjectMode": false' property in the firebase.json emulators config.
Multiple projectIds are not recommended in single project mode. Requested project ID test-project, but the emulator is configured for demo-no-project. To opt-out of single project mode add/set the '"singleProjectMode": false' property in the firebase.json emulators config.
Multiple projectIds are not recommended in single project mode. Requested project ID test-project, but the emulator is configured for demo-no-project. To opt-out of single project mode add/set the '"singleProjectMode": false' property in the firebase.json emulators config.
Multiple projectIds are not recommended in single project mode. Requested project ID test-project, but the emulator is configured for demo-no-project. To opt-out of single project mode add/set the '"singleProjectMode": false' property in the firebase.json emulators config.
Multiple projectIds are not recommended in single project mode. Requested project ID test-project, but the emulator is configured for demo-no-project. To opt-out of single project mode add/set the '"singleProjectMode": false' property in the firebase.json emulators config.
Multiple projectIds are not recommended in single project mode. Requested project ID test-project, but the emulator is configured for demo-no-project. To opt-out of single project mode add/set the '"singleProjectMode": false' property in the firebase.json emulators config.
Multiple projectIds are not recommended in single project mode. Requested project ID test-project, but the emulator is configured for demo-no-project. To opt-out of single project mode add/set the '"singleProjectMode": false' property in the firebase.json emulators config.
Multiple projectIds are not recommended in single project mode. Requested project ID test-project, but the emulator is configured for demo-no-project. To opt-out of single project mode add/set the '"singleProjectMode": false' property in the firebase.json emulators config.
Multiple projectIds are not recommended in single project mode. Requested project ID test-project, but the emulator is configured for demo-no-project. To opt-out of single project mode add/set the '"singleProjectMode": false' property in the firebase.json emulators config.
Multiple projectIds are not recommended in single project mode. Requested project ID test-project, but the emulator is configured for demo-no-project. To opt-out of single project mode add/set the '"singleProjectMode": false' property in the firebase.json emulators config.
May 06, 2026 2:21:55 PM io.gapi.emulators.netty.HttpVersionRoutingHandler channelRead
INFO: Detected HTTP/2 connection.
Multiple projectIds are not recommended in single project mode. Requested project ID test-project, but the emulator is configured for demo-no-project. To opt-out of single project mode add/set the '"singleProjectMode": false' property in the firebase.json emulators config.
Multiple projectIds are not recommended in single project mode. Requested project ID test-project, but the emulator is configured for demo-no-project. To opt-out of single project mode add/set the '"singleProjectMode": false' property in the firebase.json emulators config.
Multiple projectIds are not recommended in single project mode. Requested project ID test-project, but the emulator is configured for demo-no-project. To opt-out of single project mode add/set the '"singleProjectMode": false' property in the firebase.json emulators config.
Multiple projectIds are not recommended in single project mode. Requested project ID test-project, but the emulator is configured for demo-no-project. To opt-out of single project mode add/set the '"singleProjectMode": false' property in the firebase.json emulators config.
Multiple projectIds are not recommended in single project mode. Requested project ID test-project, but the emulator is configured for demo-no-project. To opt-out of single project mode add/set the '"singleProjectMode": false' property in the firebase.json emulators config.
Multiple projectIds are not recommended in single project mode. Requested project ID test-project, but the emulator is configured for demo-no-project. To opt-out of single project mode add/set the '"singleProjectMode": false' property in the firebase.json emulators config.
Multiple projectIds are not recommended in single project mode. Requested project ID test-project, but the emulator is configured for demo-no-project. To opt-out of single project mode add/set the '"singleProjectMode": false' property in the firebase.json emulators config.
Multiple projectIds are not recommended in single project mode. Requested project ID test-project, but the emulator is configured for demo-no-project. To opt-out of single project mode add/set the '"singleProjectMode": false' property in the firebase.json emulators config.
Multiple projectIds are not recommended in single project mode. Requested project ID test-project, but the emulator is configured for demo-no-project. To opt-out of single project mode add/set the '"singleProjectMode": false' property in the firebase.json emulators config.
Multiple projectIds are not recommended in single project mode. Requested project ID test-project, but the emulator is configured for demo-no-project. To opt-out of single project mode add/set the '"singleProjectMode": false' property in the firebase.json emulators config.
Multiple projectIds are not recommended in single project mode. Requested project ID test-project, but the emulator is configured for demo-no-project. To opt-out of single project mode add/set the '"singleProjectMode": false' property in the firebase.json emulators config.
Multiple projectIds are not recommended in single project mode. Requested project ID test-project, but the emulator is configured for demo-no-project. To opt-out of single project mode add/set the '"singleProjectMode": false' property in the firebase.json emulators config.
Multiple projectIds are not recommended in single project mode. Requested project ID test-project, but the emulator is configured for demo-no-project. To opt-out of single project mode add/set the '"singleProjectMode": false' property in the firebase.json emulators config.
Multiple projectIds are not recommended in single project mode. Requested project ID test-project, but the emulator is configured for demo-no-project. To opt-out of single project mode add/set the '"singleProjectMode": false' property in the firebase.json emulators config.
Multiple projectIds are not recommended in single project mode. Requested project ID test-project, but the emulator is configured for demo-no-project. To opt-out of single project mode add/set the '"singleProjectMode": false' property in the firebase.json emulators config.
Multiple projectIds are not recommended in single project mode. Requested project ID test-project, but the emulator is configured for demo-no-project. To opt-out of single project mode add/set the '"singleProjectMode": false' property in the firebase.json emulators config.
Multiple projectIds are not recommended in single project mode. Requested project ID test-project, but the emulator is configured for demo-no-project. To opt-out of single project mode add/set the '"singleProjectMode": false' property in the firebase.json emulators config.
Multiple projectIds are not recommended in single project mode. Requested project ID test-project, but the emulator is configured for demo-no-project. To opt-out of single project mode add/set the '"singleProjectMode": false' property in the firebase.json emulators config.
Multiple projectIds are not recommended in single project mode. Requested project ID test-project, but the emulator is configured for demo-no-project. To opt-out of single project mode add/set the '"singleProjectMode": false' property in the firebase.json emulators config.
Multiple projectIds are not recommended in single project mode. Requested project ID test-project, but the emulator is configured for demo-no-project. To opt-out of single project mode add/set the '"singleProjectMode": false' property in the firebase.json emulators config.
Multiple projectIds are not recommended in single project mode. Requested project ID test-project, but the emulator is configured for demo-no-project. To opt-out of single project mode add/set the '"singleProjectMode": false' property in the firebase.json emulators config.
Multiple projectIds are not recommended in single project mode. Requested project ID test-project, but the emulator is configured for demo-no-project. To opt-out of single project mode add/set the '"singleProjectMode": false' property in the firebase.json emulators config.
Multiple projectIds are not recommended in single project mode. Requested project ID test-project, but the emulator is configured for demo-no-project. To opt-out of single project mode add/set the '"singleProjectMode": false' property in the firebase.json emulators config.
Multiple projectIds are not recommended in single project mode. Requested project ID test-project, but the emulator is configured for demo-no-project. To opt-out of single project mode add/set the '"singleProjectMode": false' property in the firebase.json emulators config.
Multiple projectIds are not recommended in single project mode. Requested project ID test-project, but the emulator is configured for demo-no-project. To opt-out of single project mode add/set the '"singleProjectMode": false' property in the firebase.json emulators config.
Multiple projectIds are not recommended in single project mode. Requested project ID test-project, but the emulator is configured for demo-no-project. To opt-out of single project mode add/set the '"singleProjectMode": false' property in the firebase.json emulators config.
Multiple projectIds are not recommended in single project mode. Requested project ID test-project, but the emulator is configured for demo-no-project. To opt-out of single project mode add/set the '"singleProjectMode": false' property in the firebase.json emulators config.
Multiple projectIds are not recommended in single project mode. Requested project ID test-project, but the emulator is configured for demo-no-project. To opt-out of single project mode add/set the '"singleProjectMode": false' property in the firebase.json emulators config.
Multiple projectIds are not recommended in single project mode. Requested project ID test-project, but the emulator is configured for demo-no-project. To opt-out of single project mode add/set the '"singleProjectMode": false' property in the firebase.json emulators config.
Multiple projectIds are not recommended in single project mode. Requested project ID test-project, but the emulator is configured for demo-no-project. To opt-out of single project mode add/set the '"singleProjectMode": false' property in the firebase.json emulators config.
Multiple projectIds are not recommended in single project mode. Requested project ID test-project, but the emulator is configured for demo-no-project. To opt-out of single project mode add/set the '"singleProjectMode": false' property in the firebase.json emulators config.
Multiple projectIds are not recommended in single project mode. Requested project ID test-project, but the emulator is configured for demo-no-project. To opt-out of single project mode add/set the '"singleProjectMode": false' property in the firebase.json emulators config.
Multiple projectIds are not recommended in single project mode. Requested project ID test-project, but the emulator is configured for demo-no-project. To opt-out of single project mode add/set the '"singleProjectMode": false' property in the firebase.json emulators config.
Multiple projectIds are not recommended in single project mode. Requested project ID test-project, but the emulator is configured for demo-no-project. To opt-out of single project mode add/set the '"singleProjectMode": false' property in the firebase.json emulators config.
Multiple projectIds are not recommended in single project mode. Requested project ID test-project, but the emulator is configured for demo-no-project. To opt-out of single project mode add/set the '"singleProjectMode": false' property in the firebase.json emulators config.
Multiple projectIds are not recommended in single project mode. Requested project ID test-project, but the emulator is configured for demo-no-project. To opt-out of single project mode add/set the '"singleProjectMode": false' property in the firebase.json emulators config.
Multiple projectIds are not recommended in single project mode. Requested project ID test-project, but the emulator is configured for demo-no-project. To opt-out of single project mode add/set the '"singleProjectMode": false' property in the firebase.json emulators config.
Multiple projectIds are not recommended in single project mode. Requested project ID test-project, but the emulator is configured for demo-no-project. To opt-out of single project mode add/set the '"singleProjectMode": false' property in the firebase.json emulators config.
Multiple projectIds are not recommended in single project mode. Requested project ID test-project, but the emulator is configured for demo-no-project. To opt-out of single project mode add/set the '"singleProjectMode": false' property in the firebase.json emulators config.
Multiple projectIds are not recommended in single project mode. Requested project ID test-project, but the emulator is configured for demo-no-project. To opt-out of single project mode add/set the '"singleProjectMode": false' property in the firebase.json emulators config.
Multiple projectIds are not recommended in single project mode. Requested project ID test-project, but the emulator is configured for demo-no-project. To opt-out of single project mode add/set the '"singleProjectMode": false' property in the firebase.json emulators config.
Multiple projectIds are not recommended in single project mode. Requested project ID test-project, but the emulator is configured for demo-no-project. To opt-out of single project mode add/set the '"singleProjectMode": false' property in the firebase.json emulators config.
Multiple projectIds are not recommended in single project mode. Requested project ID test-project, but the emulator is configured for demo-no-project. To opt-out of single project mode add/set the '"singleProjectMode": false' property in the firebase.json emulators config.
Multiple projectIds are not recommended in single project mode. Requested project ID test-project, but the emulator is configured for demo-no-project. To opt-out of single project mode add/set the '"singleProjectMode": false' property in the firebase.json emulators config.
Multiple projectIds are not recommended in single project mode. Requested project ID test-project, but the emulator is configured for demo-no-project. To opt-out of single project mode add/set the '"singleProjectMode": false' property in the firebase.json emulators config.
Multiple projectIds are not recommended in single project mode. Requested project ID test-project, but the emulator is configured for demo-no-project. To opt-out of single project mode add/set the '"singleProjectMode": false' property in the firebase.json emulators config.
Multiple projectIds are not recommended in single project mode. Requested project ID test-project, but the emulator is configured for demo-no-project. To opt-out of single project mode add/set the '"singleProjectMode": false' property in the firebase.json emulators config.
Multiple projectIds are not recommended in single project mode. Requested project ID test-project, but the emulator is configured for demo-no-project. To opt-out of single project mode add/set the '"singleProjectMode": false' property in the firebase.json emulators config.
Multiple projectIds are not recommended in single project mode. Requested project ID test-project, but the emulator is configured for demo-no-project. To opt-out of single project mode add/set the '"singleProjectMode": false' property in the firebase.json emulators config.
Multiple projectIds are not recommended in single project mode. Requested project ID test-project, but the emulator is configured for demo-no-project. To opt-out of single project mode add/set the '"singleProjectMode": false' property in the firebase.json emulators config.
Multiple projectIds are not recommended in single project mode. Requested project ID test-project, but the emulator is configured for demo-no-project. To opt-out of single project mode add/set the '"singleProjectMode": false' property in the firebase.json emulators config.
Multiple projectIds are not recommended in single project mode. Requested project ID test-project, but the emulator is configured for demo-no-project. To opt-out of single project mode add/set the '"singleProjectMode": false' property in the firebase.json emulators config.
Multiple projectIds are not recommended in single project mode. Requested project ID test-project, but the emulator is configured for demo-no-project. To opt-out of single project mode add/set the '"singleProjectMode": false' property in the firebase.json emulators config.
Multiple projectIds are not recommended in single project mode. Requested project ID test-project, but the emulator is configured for demo-no-project. To opt-out of single project mode add/set the '"singleProjectMode": false' property in the firebase.json emulators config.
May 06, 2026 2:21:56 PM io.gapi.emulators.netty.HttpVersionRoutingHandler channelRead
INFO: Detected HTTP/2 connection.
Multiple projectIds are not recommended in single project mode. Requested project ID test-project, but the emulator is configured for demo-no-project. To opt-out of single project mode add/set the '"singleProjectMode": false' property in the firebase.json emulators config.
Multiple projectIds are not recommended in single project mode. Requested project ID test-project, but the emulator is configured for demo-no-project. To opt-out of single project mode add/set the '"singleProjectMode": false' property in the firebase.json emulators config.
Multiple projectIds are not recommended in single project mode. Requested project ID test-project, but the emulator is configured for demo-no-project. To opt-out of single project mode add/set the '"singleProjectMode": false' property in the firebase.json emulators config.
Multiple projectIds are not recommended in single project mode. Requested project ID test-project, but the emulator is configured for demo-no-project. To opt-out of single project mode add/set the '"singleProjectMode": false' property in the firebase.json emulators config.
Multiple projectIds are not recommended in single project mode. Requested project ID test-project, but the emulator is configured for demo-no-project. To opt-out of single project mode add/set the '"singleProjectMode": false' property in the firebase.json emulators config.
Multiple projectIds are not recommended in single project mode. Requested project ID test-project, but the emulator is configured for demo-no-project. To opt-out of single project mode add/set the '"singleProjectMode": false' property in the firebase.json emulators config.
Multiple projectIds are not recommended in single project mode. Requested project ID test-project, but the emulator is configured for demo-no-project. To opt-out of single project mode add/set the '"singleProjectMode": false' property in the firebase.json emulators config.
Multiple projectIds are not recommended in single project mode. Requested project ID test-project, but the emulator is configured for demo-no-project. To opt-out of single project mode add/set the '"singleProjectMode": false' property in the firebase.json emulators config.
Multiple projectIds are not recommended in single project mode. Requested project ID test-project, but the emulator is configured for demo-no-project. To opt-out of single project mode add/set the '"singleProjectMode": false' property in the firebase.json emulators config.
Multiple projectIds are not recommended in single project mode. Requested project ID test-project, but the emulator is configured for demo-no-project. To opt-out of single project mode add/set the '"singleProjectMode": false' property in the firebase.json emulators config.
Multiple projectIds are not recommended in single project mode. Requested project ID test-project, but the emulator is configured for demo-no-project. To opt-out of single project mode add/set the '"singleProjectMode": false' property in the firebase.json emulators config.
Multiple projectIds are not recommended in single project mode. Requested project ID test-project, but the emulator is configured for demo-no-project. To opt-out of single project mode add/set the '"singleProjectMode": false' property in the firebase.json emulators config.
Multiple projectIds are not recommended in single project mode. Requested project ID test-project, but the emulator is configured for demo-no-project. To opt-out of single project mode add/set the '"singleProjectMode": false' property in the firebase.json emulators config.
Multiple projectIds are not recommended in single project mode. Requested project ID test-project, but the emulator is configured for demo-no-project. To opt-out of single project mode add/set the '"singleProjectMode": false' property in the firebase.json emulators config.
Multiple projectIds are not recommended in single project mode. Requested project ID test-project, but the emulator is configured for demo-no-project. To opt-out of single project mode add/set the '"singleProjectMode": false' property in the firebase.json emulators config.
Multiple projectIds are not recommended in single project mode. Requested project ID test-project, but the emulator is configured for demo-no-project. To opt-out of single project mode add/set the '"singleProjectMode": false' property in the firebase.json emulators config.
Multiple projectIds are not recommended in single project mode. Requested project ID test-project, but the emulator is configured for demo-no-project. To opt-out of single project mode add/set the '"singleProjectMode": false' property in the firebase.json emulators config.
Multiple projectIds are not recommended in single project mode. Requested project ID test-project, but the emulator is configured for demo-no-project. To opt-out of single project mode add/set the '"singleProjectMode": false' property in the firebase.json emulators config.
Multiple projectIds are not recommended in single project mode. Requested project ID test-project, but the emulator is configured for demo-no-project. To opt-out of single project mode add/set the '"singleProjectMode": false' property in the firebase.json emulators config.
Multiple projectIds are not recommended in single project mode. Requested project ID test-project, but the emulator is configured for demo-no-project. To opt-out of single project mode add/set the '"singleProjectMode": false' property in the firebase.json emulators config.
Multiple projectIds are not recommended in single project mode. Requested project ID test-project, but the emulator is configured for demo-no-project. To opt-out of single project mode add/set the '"singleProjectMode": false' property in the firebase.json emulators config.
Multiple projectIds are not recommended in single project mode. Requested project ID test-project, but the emulator is configured for demo-no-project. To opt-out of single project mode add/set the '"singleProjectMode": false' property in the firebase.json emulators config.
Multiple projectIds are not recommended in single project mode. Requested project ID test-project, but the emulator is configured for demo-no-project. To opt-out of single project mode add/set the '"singleProjectMode": false' property in the firebase.json emulators config.
Multiple projectIds are not recommended in single project mode. Requested project ID test-project, but the emulator is configured for demo-no-project. To opt-out of single project mode add/set the '"singleProjectMode": false' property in the firebase.json emulators config.
Multiple projectIds are not recommended in single project mode. Requested project ID test-project, but the emulator is configured for demo-no-project. To opt-out of single project mode add/set the '"singleProjectMode": false' property in the firebase.json emulators config.
Multiple projectIds are not recommended in single project mode. Requested project ID test-project, but the emulator is configured for demo-no-project. To opt-out of single project mode add/set the '"singleProjectMode": false' property in the firebase.json emulators config.
Multiple projectIds are not recommended in single project mode. Requested project ID test-project, but the emulator is configured for demo-no-project. To opt-out of single project mode add/set the '"singleProjectMode": false' property in the firebase.json emulators config.
Multiple projectIds are not recommended in single project mode. Requested project ID test-project, but the emulator is configured for demo-no-project. To opt-out of single project mode add/set the '"singleProjectMode": false' property in the firebase.json emulators config.
Multiple projectIds are not recommended in single project mode. Requested project ID test-project, but the emulator is configured for demo-no-project. To opt-out of single project mode add/set the '"singleProjectMode": false' property in the firebase.json emulators config.
Multiple projectIds are not recommended in single project mode. Requested project ID test-project, but the emulator is configured for demo-no-project. To opt-out of single project mode add/set the '"singleProjectMode": false' property in the firebase.json emulators config.
Multiple projectIds are not recommended in single project mode. Requested project ID test-project, but the emulator is configured for demo-no-project. To opt-out of single project mode add/set the '"singleProjectMode": false' property in the firebase.json emulators config.
Multiple projectIds are not recommended in single project mode. Requested project ID test-project, but the emulator is configured for demo-no-project. To opt-out of single project mode add/set the '"singleProjectMode": false' property in the firebase.json emulators config.
May 06, 2026 2:21:57 PM io.gapi.emulators.netty.HttpVersionRoutingHandler channelRead
INFO: Detected HTTP/2 connection.
Multiple projectIds are not recommended in single project mode. Requested project ID test-project, but the emulator is configured for demo-no-project. To opt-out of single project mode add/set the '"singleProjectMode": false' property in the firebase.json emulators config.
Multiple projectIds are not recommended in single project mode. Requested project ID test-project, but the emulator is configured for demo-no-project. To opt-out of single project mode add/set the '"singleProjectMode": false' property in the firebase.json emulators config.
Multiple projectIds are not recommended in single project mode. Requested project ID test-project, but the emulator is configured for demo-no-project. To opt-out of single project mode add/set the '"singleProjectMode": false' property in the firebase.json emulators config.
Multiple projectIds are not recommended in single project mode. Requested project ID test-project, but the emulator is configured for demo-no-project. To opt-out of single project mode add/set the '"singleProjectMode": false' property in the firebase.json emulators config.
Multiple projectIds are not recommended in single project mode. Requested project ID test-project, but the emulator is configured for demo-no-project. To opt-out of single project mode add/set the '"singleProjectMode": false' property in the firebase.json emulators config.
Multiple projectIds are not recommended in single project mode. Requested project ID test-project, but the emulator is configured for demo-no-project. To opt-out of single project mode add/set the '"singleProjectMode": false' property in the firebase.json emulators config.
Multiple projectIds are not recommended in single project mode. Requested project ID test-project, but the emulator is configured for demo-no-project. To opt-out of single project mode add/set the '"singleProjectMode": false' property in the firebase.json emulators config.
Multiple projectIds are not recommended in single project mode. Requested project ID test-project, but the emulator is configured for demo-no-project. To opt-out of single project mode add/set the '"singleProjectMode": false' property in the firebase.json emulators config.
Multiple projectIds are not recommended in single project mode. Requested project ID test-project, but the emulator is configured for demo-no-project. To opt-out of single project mode add/set the '"singleProjectMode": false' property in the firebase.json emulators config.
Multiple projectIds are not recommended in single project mode. Requested project ID test-project, but the emulator is configured for demo-no-project. To opt-out of single project mode add/set the '"singleProjectMode": false' property in the firebase.json emulators config.
Multiple projectIds are not recommended in single project mode. Requested project ID test-project, but the emulator is configured for demo-no-project. To opt-out of single project mode add/set the '"singleProjectMode": false' property in the firebase.json emulators config.
Multiple projectIds are not recommended in single project mode. Requested project ID test-project, but the emulator is configured for demo-no-project. To opt-out of single project mode add/set the '"singleProjectMode": false' property in the firebase.json emulators config.
Multiple projectIds are not recommended in single project mode. Requested project ID test-project, but the emulator is configured for demo-no-project. To opt-out of single project mode add/set the '"singleProjectMode": false' property in the firebase.json emulators config.
Multiple projectIds are not recommended in single project mode. Requested project ID test-project, but the emulator is configured for demo-no-project. To opt-out of single project mode add/set the '"singleProjectMode": false' property in the firebase.json emulators config.
Multiple projectIds are not recommended in single project mode. Requested project ID test-project, but the emulator is configured for demo-no-project. To opt-out of single project mode add/set the '"singleProjectMode": false' property in the firebase.json emulators config.
Multiple projectIds are not recommended in single project mode. Requested project ID test-project, but the emulator is configured for demo-no-project. To opt-out of single project mode add/set the '"singleProjectMode": false' property in the firebase.json emulators config.
May 06, 2026 2:21:58 PM io.gapi.emulators.netty.HttpVersionRoutingHandler channelRead
INFO: Detected HTTP/2 connection.
Multiple projectIds are not recommended in single project mode. Requested project ID test-project, but the emulator is configured for demo-no-project. To opt-out of single project mode add/set the '"singleProjectMode": false' property in the firebase.json emulators config.
Multiple projectIds are not recommended in single project mode. Requested project ID test-project, but the emulator is configured for demo-no-project. To opt-out of single project mode add/set the '"singleProjectMode": false' property in the firebase.json emulators config.
Multiple projectIds are not recommended in single project mode. Requested project ID test-project, but the emulator is configured for demo-no-project. To opt-out of single project mode add/set the '"singleProjectMode": false' property in the firebase.json emulators config.
Multiple projectIds are not recommended in single project mode. Requested project ID test-project, but the emulator is configured for demo-no-project. To opt-out of single project mode add/set the '"singleProjectMode": false' property in the firebase.json emulators config.
Multiple projectIds are not recommended in single project mode. Requested project ID test-project, but the emulator is configured for demo-no-project. To opt-out of single project mode add/set the '"singleProjectMode": false' property in the firebase.json emulators config.
Multiple projectIds are not recommended in single project mode. Requested project ID test-project, but the emulator is configured for demo-no-project. To opt-out of single project mode add/set the '"singleProjectMode": false' property in the firebase.json emulators config.
Multiple projectIds are not recommended in single project mode. Requested project ID test-project, but the emulator is configured for demo-no-project. To opt-out of single project mode add/set the '"singleProjectMode": false' property in the firebase.json emulators config.
Multiple projectIds are not recommended in single project mode. Requested project ID test-project, but the emulator is configured for demo-no-project. To opt-out of single project mode add/set the '"singleProjectMode": false' property in the firebase.json emulators config.
May 06, 2026 2:21:58 PM io.gapi.emulators.netty.HttpVersionRoutingHandler channelRead
INFO: Detected HTTP/2 connection.
Multiple projectIds are not recommended in single project mode. Requested project ID test-project, but the emulator is configured for demo-no-project. To opt-out of single project mode add/set the '"singleProjectMode": false' property in the firebase.json emulators config.
Multiple projectIds are not recommended in single project mode. Requested project ID test-project, but the emulator is configured for demo-no-project. To opt-out of single project mode add/set the '"singleProjectMode": false' property in the firebase.json emulators config.
Multiple projectIds are not recommended in single project mode. Requested project ID test-project, but the emulator is configured for demo-no-project. To opt-out of single project mode add/set the '"singleProjectMode": false' property in the firebase.json emulators config.
Multiple projectIds are not recommended in single project mode. Requested project ID test-project, but the emulator is configured for demo-no-project. To opt-out of single project mode add/set the '"singleProjectMode": false' property in the firebase.json emulators config.
Multiple projectIds are not recommended in single project mode. Requested project ID test-project, but the emulator is configured for demo-no-project. To opt-out of single project mode add/set the '"singleProjectMode": false' property in the firebase.json emulators config.
Multiple projectIds are not recommended in single project mode. Requested project ID test-project, but the emulator is configured for demo-no-project. To opt-out of single project mode add/set the '"singleProjectMode": false' property in the firebase.json emulators config.
May 06, 2026 2:24:14 PM io.gapi.emulators.netty.HttpVersionRoutingHandler channelRead
INFO: Detected HTTP/2 connection.
Multiple projectIds are not recommended in single project mode. Requested project ID test-project, but the emulator is configured for demo-no-project. To opt-out of single project mode add/set the '"singleProjectMode": false' property in the firebase.json emulators config.
Multiple projectIds are not recommended in single project mode. Requested project ID test-project, but the emulator is configured for demo-no-project. To opt-out of single project mode add/set the '"singleProjectMode": false' property in the firebase.json emulators config.
Multiple projectIds are not recommended in single project mode. Requested project ID test-project, but the emulator is configured for demo-no-project. To opt-out of single project mode add/set the '"singleProjectMode": false' property in the firebase.json emulators config.
Multiple projectIds are not recommended in single project mode. Requested project ID test-project, but the emulator is configured for demo-no-project. To opt-out of single project mode add/set the '"singleProjectMode": false' property in the firebase.json emulators config.
Multiple projectIds are not recommended in single project mode. Requested project ID test-project, but the emulator is configured for demo-no-project. To opt-out of single project mode add/set the '"singleProjectMode": false' property in the firebase.json emulators config.
Multiple projectIds are not recommended in single project mode. Requested project ID test-project, but the emulator is configured for demo-no-project. To opt-out of single project mode add/set the '"singleProjectMode": false' property in the firebase.json emulators config.
Multiple projectIds are not recommended in single project mode. Requested project ID test-project, but the emulator is configured for demo-no-project. To opt-out of single project mode add/set the '"singleProjectMode": false' property in the firebase.json emulators config.
Multiple projectIds are not recommended in single project mode. Requested project ID test-project, but the emulator is configured for demo-no-project. To opt-out of single project mode add/set the '"singleProjectMode": false' property in the firebase.json emulators config.
Multiple projectIds are not recommended in single project mode. Requested project ID test-project, but the emulator is configured for demo-no-project. To opt-out of single project mode add/set the '"singleProjectMode": false' property in the firebase.json emulators config.
Multiple projectIds are not recommended in single project mode. Requested project ID test-project, but the emulator is configured for demo-no-project. To opt-out of single project mode add/set the '"singleProjectMode": false' property in the firebase.json emulators config.
Multiple projectIds are not recommended in single project mode. Requested project ID test-project, but the emulator is configured for demo-no-project. To opt-out of single project mode add/set the '"singleProjectMode": false' property in the firebase.json emulators config.
Multiple projectIds are not recommended in single project mode. Requested project ID test-project, but the emulator is configured for demo-no-project. To opt-out of single project mode add/set the '"singleProjectMode": false' property in the firebase.json emulators config.
Multiple projectIds are not recommended in single project mode. Requested project ID test-project, but the emulator is configured for demo-no-project. To opt-out of single project mode add/set the '"singleProjectMode": false' property in the firebase.json emulators config.
Multiple projectIds are not recommended in single project mode. Requested project ID test-project, but the emulator is configured for demo-no-project. To opt-out of single project mode add/set the '"singleProjectMode": false' property in the firebase.json emulators config.
Multiple projectIds are not recommended in single project mode. Requested project ID test-project, but the emulator is configured for demo-no-project. To opt-out of single project mode add/set the '"singleProjectMode": false' property in the firebase.json emulators config.
Multiple projectIds are not recommended in single project mode. Requested project ID test-project, but the emulator is configured for demo-no-project. To opt-out of single project mode add/set the '"singleProjectMode": false' property in the firebase.json emulators config.
Multiple projectIds are not recommended in single project mode. Requested project ID test-project, but the emulator is configured for demo-no-project. To opt-out of single project mode add/set the '"singleProjectMode": false' property in the firebase.json emulators config.
Multiple projectIds are not recommended in single project mode. Requested project ID test-project, but the emulator is configured for demo-no-project. To opt-out of single project mode add/set the '"singleProjectMode": false' property in the firebase.json emulators config.
Multiple projectIds are not recommended in single project mode. Requested project ID test-project, but the emulator is configured for demo-no-project. To opt-out of single project mode add/set the '"singleProjectMode": false' property in the firebase.json emulators config.
Multiple projectIds are not recommended in single project mode. Requested project ID test-project, but the emulator is configured for demo-no-project. To opt-out of single project mode add/set the '"singleProjectMode": false' property in the firebase.json emulators config.
Multiple projectIds are not recommended in single project mode. Requested project ID test-project, but the emulator is configured for demo-no-project. To opt-out of single project mode add/set the '"singleProjectMode": false' property in the firebase.json emulators config.
Multiple projectIds are not recommended in single project mode. Requested project ID test-project, but the emulator is configured for demo-no-project. To opt-out of single project mode add/set the '"singleProjectMode": false' property in the firebase.json emulators config.
Multiple projectIds are not recommended in single project mode. Requested project ID test-project, but the emulator is configured for demo-no-project. To opt-out of single project mode add/set the '"singleProjectMode": false' property in the firebase.json emulators config.
Multiple projectIds are not recommended in single project mode. Requested project ID test-project, but the emulator is configured for demo-no-project. To opt-out of single project mode add/set the '"singleProjectMode": false' property in the firebase.json emulators config.
Multiple projectIds are not recommended in single project mode. Requested project ID test-project, but the emulator is configured for demo-no-project. To opt-out of single project mode add/set the '"singleProjectMode": false' property in the firebase.json emulators config.
Multiple projectIds are not recommended in single project mode. Requested project ID test-project, but the emulator is configured for demo-no-project. To opt-out of single project mode add/set the '"singleProjectMode": false' property in the firebase.json emulators config.
Multiple projectIds are not recommended in single project mode. Requested project ID test-project, but the emulator is configured for demo-no-project. To opt-out of single project mode add/set the '"singleProjectMode": false' property in the firebase.json emulators config.
Multiple projectIds are not recommended in single project mode. Requested project ID test-project, but the emulator is configured for demo-no-project. To opt-out of single project mode add/set the '"singleProjectMode": false' property in the firebase.json emulators config.
Multiple projectIds are not recommended in single project mode. Requested project ID test-project, but the emulator is configured for demo-no-project. To opt-out of single project mode add/set the '"singleProjectMode": false' property in the firebase.json emulators config.
Multiple projectIds are not recommended in single project mode. Requested project ID test-project, but the emulator is configured for demo-no-project. To opt-out of single project mode add/set the '"singleProjectMode": false' property in the firebase.json emulators config.
Multiple projectIds are not recommended in single project mode. Requested project ID test-project, but the emulator is configured for demo-no-project. To opt-out of single project mode add/set the '"singleProjectMode": false' property in the firebase.json emulators config.
Multiple projectIds are not recommended in single project mode. Requested project ID test-project, but the emulator is configured for demo-no-project. To opt-out of single project mode add/set the '"singleProjectMode": false' property in the firebase.json emulators config.
Multiple projectIds are not recommended in single project mode. Requested project ID test-project, but the emulator is configured for demo-no-project. To opt-out of single project mode add/set the '"singleProjectMode": false' property in the firebase.json emulators config.
Multiple projectIds are not recommended in single project mode. Requested project ID test-project, but the emulator is configured for demo-no-project. To opt-out of single project mode add/set the '"singleProjectMode": false' property in the firebase.json emulators config.
Multiple projectIds are not recommended in single project mode. Requested project ID test-project, but the emulator is configured for demo-no-project. To opt-out of single project mode add/set the '"singleProjectMode": false' property in the firebase.json emulators config.
Multiple projectIds are not recommended in single project mode. Requested project ID test-project, but the emulator is configured for demo-no-project. To opt-out of single project mode add/set the '"singleProjectMode": false' property in the firebase.json emulators config.
Multiple projectIds are not recommended in single project mode. Requested project ID test-project, but the emulator is configured for demo-no-project. To opt-out of single project mode add/set the '"singleProjectMode": false' property in the firebase.json emulators config.
Multiple projectIds are not recommended in single project mode. Requested project ID test-project, but the emulator is configured for demo-no-project. To opt-out of single project mode add/set the '"singleProjectMode": false' property in the firebase.json emulators config.
Multiple projectIds are not recommended in single project mode. Requested project ID test-project, but the emulator is configured for demo-no-project. To opt-out of single project mode add/set the '"singleProjectMode": false' property in the firebase.json emulators config.
Multiple projectIds are not recommended in single project mode. Requested project ID test-project, but the emulator is configured for demo-no-project. To opt-out of single project mode add/set the '"singleProjectMode": false' property in the firebase.json emulators config.
Multiple projectIds are not recommended in single project mode. Requested project ID test-project, but the emulator is configured for demo-no-project. To opt-out of single project mode add/set the '"singleProjectMode": false' property in the firebase.json emulators config.
Multiple projectIds are not recommended in single project mode. Requested project ID test-project, but the emulator is configured for demo-no-project. To opt-out of single project mode add/set the '"singleProjectMode": false' property in the firebase.json emulators config.
Multiple projectIds are not recommended in single project mode. Requested project ID test-project, but the emulator is configured for demo-no-project. To opt-out of single project mode add/set the '"singleProjectMode": false' property in the firebase.json emulators config.
Multiple projectIds are not recommended in single project mode. Requested project ID test-project, but the emulator is configured for demo-no-project. To opt-out of single project mode add/set the '"singleProjectMode": false' property in the firebase.json emulators config.
Multiple projectIds are not recommended in single project mode. Requested project ID test-project, but the emulator is configured for demo-no-project. To opt-out of single project mode add/set the '"singleProjectMode": false' property in the firebase.json emulators config.
Multiple projectIds are not recommended in single project mode. Requested project ID test-project, but the emulator is configured for demo-no-project. To opt-out of single project mode add/set the '"singleProjectMode": false' property in the firebase.json emulators config.
Multiple projectIds are not recommended in single project mode. Requested project ID test-project, but the emulator is configured for demo-no-project. To opt-out of single project mode add/set the '"singleProjectMode": false' property in the firebase.json emulators config.
Multiple projectIds are not recommended in single project mode. Requested project ID test-project, but the emulator is configured for demo-no-project. To opt-out of single project mode add/set the '"singleProjectMode": false' property in the firebase.json emulators config.
Multiple projectIds are not recommended in single project mode. Requested project ID test-project, but the emulator is configured for demo-no-project. To opt-out of single project mode add/set the '"singleProjectMode": false' property in the firebase.json emulators config.
Multiple projectIds are not recommended in single project mode. Requested project ID test-project, but the emulator is configured for demo-no-project. To opt-out of single project mode add/set the '"singleProjectMode": false' property in the firebase.json emulators config.
May 06, 2026 2:24:16 PM io.gapi.emulators.netty.HttpVersionRoutingHandler channelRead
INFO: Detected HTTP/2 connection.
Multiple projectIds are not recommended in single project mode. Requested project ID test-project, but the emulator is configured for demo-no-project. To opt-out of single project mode add/set the '"singleProjectMode": false' property in the firebase.json emulators config.
Multiple projectIds are not recommended in single project mode. Requested project ID test-project, but the emulator is configured for demo-no-project. To opt-out of single project mode add/set the '"singleProjectMode": false' property in the firebase.json emulators config.
Multiple projectIds are not recommended in single project mode. Requested project ID test-project, but the emulator is configured for demo-no-project. To opt-out of single project mode add/set the '"singleProjectMode": false' property in the firebase.json emulators config.
Multiple projectIds are not recommended in single project mode. Requested project ID test-project, but the emulator is configured for demo-no-project. To opt-out of single project mode add/set the '"singleProjectMode": false' property in the firebase.json emulators config.
Multiple projectIds are not recommended in single project mode. Requested project ID test-project, but the emulator is configured for demo-no-project. To opt-out of single project mode add/set the '"singleProjectMode": false' property in the firebase.json emulators config.
Multiple projectIds are not recommended in single project mode. Requested project ID test-project, but the emulator is configured for demo-no-project. To opt-out of single project mode add/set the '"singleProjectMode": false' property in the firebase.json emulators config.
Multiple projectIds are not recommended in single project mode. Requested project ID test-project, but the emulator is configured for demo-no-project. To opt-out of single project mode add/set the '"singleProjectMode": false' property in the firebase.json emulators config.
Multiple projectIds are not recommended in single project mode. Requested project ID test-project, but the emulator is configured for demo-no-project. To opt-out of single project mode add/set the '"singleProjectMode": false' property in the firebase.json emulators config.
Multiple projectIds are not recommended in single project mode. Requested project ID test-project, but the emulator is configured for demo-no-project. To opt-out of single project mode add/set the '"singleProjectMode": false' property in the firebase.json emulators config.
Multiple projectIds are not recommended in single project mode. Requested project ID test-project, but the emulator is configured for demo-no-project. To opt-out of single project mode add/set the '"singleProjectMode": false' property in the firebase.json emulators config.
Multiple projectIds are not recommended in single project mode. Requested project ID test-project, but the emulator is configured for demo-no-project. To opt-out of single project mode add/set the '"singleProjectMode": false' property in the firebase.json emulators config.
Multiple projectIds are not recommended in single project mode. Requested project ID test-project, but the emulator is configured for demo-no-project. To opt-out of single project mode add/set the '"singleProjectMode": false' property in the firebase.json emulators config.
Multiple projectIds are not recommended in single project mode. Requested project ID test-project, but the emulator is configured for demo-no-project. To opt-out of single project mode add/set the '"singleProjectMode": false' property in the firebase.json emulators config.
Multiple projectIds are not recommended in single project mode. Requested project ID test-project, but the emulator is configured for demo-no-project. To opt-out of single project mode add/set the '"singleProjectMode": false' property in the firebase.json emulators config.
Multiple projectIds are not recommended in single project mode. Requested project ID test-project, but the emulator is configured for demo-no-project. To opt-out of single project mode add/set the '"singleProjectMode": false' property in the firebase.json emulators config.
Multiple projectIds are not recommended in single project mode. Requested project ID test-project, but the emulator is configured for demo-no-project. To opt-out of single project mode add/set the '"singleProjectMode": false' property in the firebase.json emulators config.
Multiple projectIds are not recommended in single project mode. Requested project ID test-project, but the emulator is configured for demo-no-project. To opt-out of single project mode add/set the '"singleProjectMode": false' property in the firebase.json emulators config.
Multiple projectIds are not recommended in single project mode. Requested project ID test-project, but the emulator is configured for demo-no-project. To opt-out of single project mode add/set the '"singleProjectMode": false' property in the firebase.json emulators config.
May 06, 2026 2:24:19 PM io.gapi.emulators.netty.HttpVersionRoutingHandler channelRead
INFO: Detected HTTP/2 connection.
Multiple projectIds are not recommended in single project mode. Requested project ID test-project, but the emulator is configured for demo-no-project. To opt-out of single project mode add/set the '"singleProjectMode": false' property in the firebase.json emulators config.
Multiple projectIds are not recommended in single project mode. Requested project ID test-project, but the emulator is configured for demo-no-project. To opt-out of single project mode add/set the '"singleProjectMode": false' property in the firebase.json emulators config.
Multiple projectIds are not recommended in single project mode. Requested project ID test-project, but the emulator is configured for demo-no-project. To opt-out of single project mode add/set the '"singleProjectMode": false' property in the firebase.json emulators config.
Multiple projectIds are not recommended in single project mode. Requested project ID test-project, but the emulator is configured for demo-no-project. To opt-out of single project mode add/set the '"singleProjectMode": false' property in the firebase.json emulators config.
Multiple projectIds are not recommended in single project mode. Requested project ID test-project, but the emulator is configured for demo-no-project. To opt-out of single project mode add/set the '"singleProjectMode": false' property in the firebase.json emulators config.
Multiple projectIds are not recommended in single project mode. Requested project ID test-project, but the emulator is configured for demo-no-project. To opt-out of single project mode add/set the '"singleProjectMode": false' property in the firebase.json emulators config.
Multiple projectIds are not recommended in single project mode. Requested project ID test-project, but the emulator is configured for demo-no-project. To opt-out of single project mode add/set the '"singleProjectMode": false' property in the firebase.json emulators config.
Multiple projectIds are not recommended in single project mode. Requested project ID test-project, but the emulator is configured for demo-no-project. To opt-out of single project mode add/set the '"singleProjectMode": false' property in the firebase.json emulators config.
Multiple projectIds are not recommended in single project mode. Requested project ID test-project, but the emulator is configured for demo-no-project. To opt-out of single project mode add/set the '"singleProjectMode": false' property in the firebase.json emulators config.
Multiple projectIds are not recommended in single project mode. Requested project ID test-project, but the emulator is configured for demo-no-project. To opt-out of single project mode add/set the '"singleProjectMode": false' property in the firebase.json emulators config.
Multiple projectIds are not recommended in single project mode. Requested project ID test-project, but the emulator is configured for demo-no-project. To opt-out of single project mode add/set the '"singleProjectMode": false' property in the firebase.json emulators config.
Multiple projectIds are not recommended in single project mode. Requested project ID test-project, but the emulator is configured for demo-no-project. To opt-out of single project mode add/set the '"singleProjectMode": false' property in the firebase.json emulators config.
Multiple projectIds are not recommended in single project mode. Requested project ID test-project, but the emulator is configured for demo-no-project. To opt-out of single project mode add/set the '"singleProjectMode": false' property in the firebase.json emulators config.
Multiple projectIds are not recommended in single project mode. Requested project ID test-project, but the emulator is configured for demo-no-project. To opt-out of single project mode add/set the '"singleProjectMode": false' property in the firebase.json emulators config.
Multiple projectIds are not recommended in single project mode. Requested project ID test-project, but the emulator is configured for demo-no-project. To opt-out of single project mode add/set the '"singleProjectMode": false' property in the firebase.json emulators config.
Multiple projectIds are not recommended in single project mode. Requested project ID test-project, but the emulator is configured for demo-no-project. To opt-out of single project mode add/set the '"singleProjectMode": false' property in the firebase.json emulators config.
Multiple projectIds are not recommended in single project mode. Requested project ID test-project, but the emulator is configured for demo-no-project. To opt-out of single project mode add/set the '"singleProjectMode": false' property in the firebase.json emulators config.
Multiple projectIds are not recommended in single project mode. Requested project ID test-project, but the emulator is configured for demo-no-project. To opt-out of single project mode add/set the '"singleProjectMode": false' property in the firebase.json emulators config.
Multiple projectIds are not recommended in single project mode. Requested project ID test-project, but the emulator is configured for demo-no-project. To opt-out of single project mode add/set the '"singleProjectMode": false' property in the firebase.json emulators config.
Multiple projectIds are not recommended in single project mode. Requested project ID test-project, but the emulator is configured for demo-no-project. To opt-out of single project mode add/set the '"singleProjectMode": false' property in the firebase.json emulators config.
Multiple projectIds are not recommended in single project mode. Requested project ID test-project, but the emulator is configured for demo-no-project. To opt-out of single project mode add/set the '"singleProjectMode": false' property in the firebase.json emulators config.
Multiple projectIds are not recommended in single project mode. Requested project ID test-project, but the emulator is configured for demo-no-project. To opt-out of single project mode add/set the '"singleProjectMode": false' property in the firebase.json emulators config.
Multiple projectIds are not recommended in single project mode. Requested project ID test-project, but the emulator is configured for demo-no-project. To opt-out of single project mode add/set the '"singleProjectMode": false' property in the firebase.json emulators config.
Multiple projectIds are not recommended in single project mode. Requested project ID test-project, but the emulator is configured for demo-no-project. To opt-out of single project mode add/set the '"singleProjectMode": false' property in the firebase.json emulators config.
May 06, 2026 2:24:22 PM io.gapi.emulators.netty.HttpVersionRoutingHandler channelRead
INFO: Detected HTTP/2 connection.
Multiple projectIds are not recommended in single project mode. Requested project ID test-project, but the emulator is configured for demo-no-project. To opt-out of single project mode add/set the '"singleProjectMode": false' property in the firebase.json emulators config.
Multiple projectIds are not recommended in single project mode. Requested project ID test-project, but the emulator is configured for demo-no-project. To opt-out of single project mode add/set the '"singleProjectMode": false' property in the firebase.json emulators config.
Multiple projectIds are not recommended in single project mode. Requested project ID test-project, but the emulator is configured for demo-no-project. To opt-out of single project mode add/set the '"singleProjectMode": false' property in the firebase.json emulators config.
Multiple projectIds are not recommended in single project mode. Requested project ID test-project, but the emulator is configured for demo-no-project. To opt-out of single project mode add/set the '"singleProjectMode": false' property in the firebase.json emulators config.
Multiple projectIds are not recommended in single project mode. Requested project ID test-project, but the emulator is configured for demo-no-project. To opt-out of single project mode add/set the '"singleProjectMode": false' property in the firebase.json emulators config.
Multiple projectIds are not recommended in single project mode. Requested project ID test-project, but the emulator is configured for demo-no-project. To opt-out of single project mode add/set the '"singleProjectMode": false' property in the firebase.json emulators config.
Multiple projectIds are not recommended in single project mode. Requested project ID test-project, but the emulator is configured for demo-no-project. To opt-out of single project mode add/set the '"singleProjectMode": false' property in the firebase.json emulators config.
Multiple projectIds are not recommended in single project mode. Requested project ID test-project, but the emulator is configured for demo-no-project. To opt-out of single project mode add/set the '"singleProjectMode": false' property in the firebase.json emulators config.
Multiple projectIds are not recommended in single project mode. Requested project ID test-project, but the emulator is configured for demo-no-project. To opt-out of single project mode add/set the '"singleProjectMode": false' property in the firebase.json emulators config.
Multiple projectIds are not recommended in single project mode. Requested project ID test-project, but the emulator is configured for demo-no-project. To opt-out of single project mode add/set the '"singleProjectMode": false' property in the firebase.json emulators config.
Multiple projectIds are not recommended in single project mode. Requested project ID test-project, but the emulator is configured for demo-no-project. To opt-out of single project mode add/set the '"singleProjectMode": false' property in the firebase.json emulators config.
Multiple projectIds are not recommended in single project mode. Requested project ID test-project, but the emulator is configured for demo-no-project. To opt-out of single project mode add/set the '"singleProjectMode": false' property in the firebase.json emulators config.
Multiple projectIds are not recommended in single project mode. Requested project ID test-project, but the emulator is configured for demo-no-project. To opt-out of single project mode add/set the '"singleProjectMode": false' property in the firebase.json emulators config.
Multiple projectIds are not recommended in single project mode. Requested project ID test-project, but the emulator is configured for demo-no-project. To opt-out of single project mode add/set the '"singleProjectMode": false' property in the firebase.json emulators config.
Multiple projectIds are not recommended in single project mode. Requested project ID test-project, but the emulator is configured for demo-no-project. To opt-out of single project mode add/set the '"singleProjectMode": false' property in the firebase.json emulators config.
Multiple projectIds are not recommended in single project mode. Requested project ID test-project, but the emulator is configured for demo-no-project. To opt-out of single project mode add/set the '"singleProjectMode": false' property in the firebase.json emulators config.
Multiple projectIds are not recommended in single project mode. Requested project ID test-project, but the emulator is configured for demo-no-project. To opt-out of single project mode add/set the '"singleProjectMode": false' property in the firebase.json emulators config.
Multiple projectIds are not recommended in single project mode. Requested project ID test-project, but the emulator is configured for demo-no-project. To opt-out of single project mode add/set the '"singleProjectMode": false' property in the firebase.json emulators config.
Multiple projectIds are not recommended in single project mode. Requested project ID test-project, but the emulator is configured for demo-no-project. To opt-out of single project mode add/set the '"singleProjectMode": false' property in the firebase.json emulators config.
Multiple projectIds are not recommended in single project mode. Requested project ID test-project, but the emulator is configured for demo-no-project. To opt-out of single project mode add/set the '"singleProjectMode": false' property in the firebase.json emulators config.
Multiple projectIds are not recommended in single project mode. Requested project ID test-project, but the emulator is configured for demo-no-project. To opt-out of single project mode add/set the '"singleProjectMode": false' property in the firebase.json emulators config.
Multiple projectIds are not recommended in single project mode. Requested project ID test-project, but the emulator is configured for demo-no-project. To opt-out of single project mode add/set the '"singleProjectMode": false' property in the firebase.json emulators config.
Multiple projectIds are not recommended in single project mode. Requested project ID test-project, but the emulator is configured for demo-no-project. To opt-out of single project mode add/set the '"singleProjectMode": false' property in the firebase.json emulators config.
Multiple projectIds are not recommended in single project mode. Requested project ID test-project, but the emulator is configured for demo-no-project. To opt-out of single project mode add/set the '"singleProjectMode": false' property in the firebase.json emulators config.
Multiple projectIds are not recommended in single project mode. Requested project ID test-project, but the emulator is configured for demo-no-project. To opt-out of single project mode add/set the '"singleProjectMode": false' property in the firebase.json emulators config.
Multiple projectIds are not recommended in single project mode. Requested project ID test-project, but the emulator is configured for demo-no-project. To opt-out of single project mode add/set the '"singleProjectMode": false' property in the firebase.json emulators config.
Multiple projectIds are not recommended in single project mode. Requested project ID test-project, but the emulator is configured for demo-no-project. To opt-out of single project mode add/set the '"singleProjectMode": false' property in the firebase.json emulators config.
Multiple projectIds are not recommended in single project mode. Requested project ID test-project, but the emulator is configured for demo-no-project. To opt-out of single project mode add/set the '"singleProjectMode": false' property in the firebase.json emulators config.
Multiple projectIds are not recommended in single project mode. Requested project ID test-project, but the emulator is configured for demo-no-project. To opt-out of single project mode add/set the '"singleProjectMode": false' property in the firebase.json emulators config.
Multiple projectIds are not recommended in single project mode. Requested project ID test-project, but the emulator is configured for demo-no-project. To opt-out of single project mode add/set the '"singleProjectMode": false' property in the firebase.json emulators config.
Multiple projectIds are not recommended in single project mode. Requested project ID test-project, but the emulator is configured for demo-no-project. To opt-out of single project mode add/set the '"singleProjectMode": false' property in the firebase.json emulators config.
Multiple projectIds are not recommended in single project mode. Requested project ID test-project, but the emulator is configured for demo-no-project. To opt-out of single project mode add/set the '"singleProjectMode": false' property in the firebase.json emulators config.
May 06, 2026 2:24:24 PM io.gapi.emulators.netty.HttpVersionRoutingHandler channelRead
INFO: Detected HTTP/2 connection.
Multiple projectIds are not recommended in single project mode. Requested project ID test-project, but the emulator is configured for demo-no-project. To opt-out of single project mode add/set the '"singleProjectMode": false' property in the firebase.json emulators config.
Multiple projectIds are not recommended in single project mode. Requested project ID test-project, but the emulator is configured for demo-no-project. To opt-out of single project mode add/set the '"singleProjectMode": false' property in the firebase.json emulators config.
Multiple projectIds are not recommended in single project mode. Requested project ID test-project, but the emulator is configured for demo-no-project. To opt-out of single project mode add/set the '"singleProjectMode": false' property in the firebase.json emulators config.
Multiple projectIds are not recommended in single project mode. Requested project ID test-project, but the emulator is configured for demo-no-project. To opt-out of single project mode add/set the '"singleProjectMode": false' property in the firebase.json emulators config.
Multiple projectIds are not recommended in single project mode. Requested project ID test-project, but the emulator is configured for demo-no-project. To opt-out of single project mode add/set the '"singleProjectMode": false' property in the firebase.json emulators config.
Multiple projectIds are not recommended in single project mode. Requested project ID test-project, but the emulator is configured for demo-no-project. To opt-out of single project mode add/set the '"singleProjectMode": false' property in the firebase.json emulators config.
Multiple projectIds are not recommended in single project mode. Requested project ID test-project, but the emulator is configured for demo-no-project. To opt-out of single project mode add/set the '"singleProjectMode": false' property in the firebase.json emulators config.
Multiple projectIds are not recommended in single project mode. Requested project ID test-project, but the emulator is configured for demo-no-project. To opt-out of single project mode add/set the '"singleProjectMode": false' property in the firebase.json emulators config.
Multiple projectIds are not recommended in single project mode. Requested project ID test-project, but the emulator is configured for demo-no-project. To opt-out of single project mode add/set the '"singleProjectMode": false' property in the firebase.json emulators config.
Multiple projectIds are not recommended in single project mode. Requested project ID test-project, but the emulator is configured for demo-no-project. To opt-out of single project mode add/set the '"singleProjectMode": false' property in the firebase.json emulators config.
Multiple projectIds are not recommended in single project mode. Requested project ID test-project, but the emulator is configured for demo-no-project. To opt-out of single project mode add/set the '"singleProjectMode": false' property in the firebase.json emulators config.
Multiple projectIds are not recommended in single project mode. Requested project ID test-project, but the emulator is configured for demo-no-project. To opt-out of single project mode add/set the '"singleProjectMode": false' property in the firebase.json emulators config.
Multiple projectIds are not recommended in single project mode. Requested project ID test-project, but the emulator is configured for demo-no-project. To opt-out of single project mode add/set the '"singleProjectMode": false' property in the firebase.json emulators config.
Multiple projectIds are not recommended in single project mode. Requested project ID test-project, but the emulator is configured for demo-no-project. To opt-out of single project mode add/set the '"singleProjectMode": false' property in the firebase.json emulators config.
Multiple projectIds are not recommended in single project mode. Requested project ID test-project, but the emulator is configured for demo-no-project. To opt-out of single project mode add/set the '"singleProjectMode": false' property in the firebase.json emulators config.
Multiple projectIds are not recommended in single project mode. Requested project ID test-project, but the emulator is configured for demo-no-project. To opt-out of single project mode add/set the '"singleProjectMode": false' property in the firebase.json emulators config.
May 06, 2026 2:24:25 PM io.gapi.emulators.netty.HttpVersionRoutingHandler channelRead
INFO: Detected HTTP/2 connection.
Multiple projectIds are not recommended in single project mode. Requested project ID test-project, but the emulator is configured for demo-no-project. To opt-out of single project mode add/set the '"singleProjectMode": false' property in the firebase.json emulators config.
Multiple projectIds are not recommended in single project mode. Requested project ID test-project, but the emulator is configured for demo-no-project. To opt-out of single project mode add/set the '"singleProjectMode": false' property in the firebase.json emulators config.
Multiple projectIds are not recommended in single project mode. Requested project ID test-project, but the emulator is configured for demo-no-project. To opt-out of single project mode add/set the '"singleProjectMode": false' property in the firebase.json emulators config.
Multiple projectIds are not recommended in single project mode. Requested project ID test-project, but the emulator is configured for demo-no-project. To opt-out of single project mode add/set the '"singleProjectMode": false' property in the firebase.json emulators config.
Multiple projectIds are not recommended in single project mode. Requested project ID test-project, but the emulator is configured for demo-no-project. To opt-out of single project mode add/set the '"singleProjectMode": false' property in the firebase.json emulators config.
Multiple projectIds are not recommended in single project mode. Requested project ID test-project, but the emulator is configured for demo-no-project. To opt-out of single project mode add/set the '"singleProjectMode": false' property in the firebase.json emulators config.
Multiple projectIds are not recommended in single project mode. Requested project ID test-project, but the emulator is configured for demo-no-project. To opt-out of single project mode add/set the '"singleProjectMode": false' property in the firebase.json emulators config.
Multiple projectIds are not recommended in single project mode. Requested project ID test-project, but the emulator is configured for demo-no-project. To opt-out of single project mode add/set the '"singleProjectMode": false' property in the firebase.json emulators config.
May 06, 2026 2:24:25 PM io.gapi.emulators.netty.HttpVersionRoutingHandler channelRead
INFO: Detected HTTP/2 connection.
Multiple projectIds are not recommended in single project mode. Requested project ID test-project, but the emulator is configured for demo-no-project. To opt-out of single project mode add/set the '"singleProjectMode": false' property in the firebase.json emulators config.
Multiple projectIds are not recommended in single project mode. Requested project ID test-project, but the emulator is configured for demo-no-project. To opt-out of single project mode add/set the '"singleProjectMode": false' property in the firebase.json emulators config.
Multiple projectIds are not recommended in single project mode. Requested project ID test-project, but the emulator is configured for demo-no-project. To opt-out of single project mode add/set the '"singleProjectMode": false' property in the firebase.json emulators config.
Multiple projectIds are not recommended in single project mode. Requested project ID test-project, but the emulator is configured for demo-no-project. To opt-out of single project mode add/set the '"singleProjectMode": false' property in the firebase.json emulators config.
Multiple projectIds are not recommended in single project mode. Requested project ID test-project, but the emulator is configured for demo-no-project. To opt-out of single project mode add/set the '"singleProjectMode": false' property in the firebase.json emulators config.
Multiple projectIds are not recommended in single project mode. Requested project ID test-project, but the emulator is configured for demo-no-project. To opt-out of single project mode add/set the '"singleProjectMode": false' property in the firebase.json emulators config.
